iteration,best_cost,best_fitness,replacements,path_length
0,8634,0.00011580910027909994,100,20
1,8634,0.00011580910027909994,150,20
2,8563,0.0001167692289727811,188,20
3,8466,0.00011810698130366487,213,20
4,8464,0.00011813488641330672,238,20
5,8464,0.00011813488641330672,252,20
6,8464,0.00011813488641330672,268,20
7,8464,0.00011813488641330672,282,20
8,8226,0.00012155246812286524,291,20
9,8226,0.00012155246812286524,294,20
10,8226,0.00012155246812286524,299,20
11,8226,0.00012155246812286524,307,20
12,8226,0.00012155246812286524,309,20
13,8226,0.00012155246812286524,317,20
14,8226,0.00012155246812286524,322,20
15,8226,0.00012155246812286524,325,20
16,8226,0.00012155246812286524,329,20
17,8226,0.00012155246812286524,331,20
18,8226,0.00012155246812286524,333,20
19,8226,0.00012155246812286524,338,20
20,8226,0.00012155246812286524,341,20
21,8226,0.00012155246812286524,346,20
22,8226,0.00012155246812286524,356,20
23,8226,0.00012155246812286524,358,20
24,8226,0.00012155246812286524,367,20
25,8173,0.00012234062075630972,378,20
26,8173,0.00012234062075630972,380,20
27,8173,0.00012234062075630972,386,20
28,8173,0.00012234062075630972,388,20
29,8173,0.00012234062075630972,389,20
30,8173,0.00012234062075630972,392,20
31,8173,0.00012234062075630972,395,20
32,8173,0.00012234062075630972,396,20
33,8173,0.00012234062075630972,399,20
34,8173,0.00012234062075630972,402,20
35,8173,0.00012234062075630972,405,20
36,8173,0.00012234062075630972,405,20
37,8173,0.00012234062075630972,409,20
38,8173,0.00012234062075630972,414,20
39,8173,0.00012234062075630972,416,20
40,8173,0.00012234062075630972,423,20
41,8173,0.00012234062075630972,425,20
42,8173,0.00012234062075630972,425,20
43,8173,0.00012234062075630972,430,20
44,8173,0.00012234062075630972,432,20
45,8173,0.00012234062075630972,437,20
46,8173,0.00012234062075630972,438,20
47,8173,0.00012234062075630972,439,20
48,8173,0.00012234062075630972,440,20
49,8173,0.00012234062075630972,441,20
50,8173,0.00012234062075630972,442,20
51,8173,0.00012234062075630972,446,20
52,8173,0.00012234062075630972,448,20
53,8173,0.00012234062075630972,449,20
54,8173,0.00012234062075630972,451,20
55,8173,0.00012234062075630972,451,20
56,8173,0.00012234062075630972,453,20
57,8173,0.00012234062075630972,454,20
58,8173,0.00012234062075630972,456,20
59,8173,0.00012234062075630972,458,20
60,8173,0.00012234062075630972,458,20
61,8173,0.00012234062075630972,460,20
62,8173,0.00012234062075630972,461,20
63,8173,0.00012234062075630972,463,20
64,8173,0.00012234062075630972,465,20
65,8173,0.00012234062075630972,467,20
66,8173,0.00012234062075630972,467,20
67,8173,0.00012234062075630972,468,20
68,8173,0.00012234062075630972,472,20
69,8173,0.00012234062075630972,473,20
70,8173,0.00012234062075630972,478,20
71,8173,0.00012234062075630972,479,20
72,8173,0.00012234062075630972,481,20
73,8173,0.00012234062075630972,482,20
74,8173,0.00012234062075630972,485,20
75,8173,0.00012234062075630972,486,20
76,8173,0.00012234062075630972,493,20
77,8173,0.00012234062075630972,496,20
78,8173,0.00012234062075630972,496,20
79,8173,0.00012234062075630972,499,20
80,8173,0.00012234062075630972,501,20
81,8173,0.00012234062075630972,501,20
82,8173,0.00012234062075630972,504,20
83,8173,0.00012234062075630972,505,20
84,8173,0.00012234062075630972,506,20
85,8173,0.00012234062075630972,507,20
86,8173,0.00012234062075630972,507,20
87,8173,0.00012234062075630972,507,20
88,8173,0.00012234062075630972,507,20
89,8173,0.00012234062075630972,509,20
90,8173,0.00012234062075630972,510,20
91,8173,0.00012234062075630972,511,20
92,8173,0.00012234062075630972,511,20
93,8173,0.00012234062075630972,512,20
94,8173,0.00012234062075630972,512,20
95,8173,0.00012234062075630972,513,20
96,7933,0.00012604141720969512,517,20
97,7933,0.00012604141720969512,520,20
98,7933,0.00012604141720969512,521,20
99,7933,0.00012604141720969512,523,20
100,7933,0.00012604141720969512,526,20
101,7933,0.00012604141720969512,530,20
102,7933,0.00012604141720969512,531,20
103,7933,0.00012604141720969512,531,20
104,7933,0.00012604141720969512,532,20
105,7933,0.00012604141720969512,535,20
106,7933,0.00012604141720969512,537,20
107,7933,0.00012604141720969512,539,20
108,7933,0.00012604141720969512,541,20
109,7933,0.00012604141720969512,541,20
110,7933,0.00012604141720969512,542,20
111,7933,0.00012604141720969512,543,20
112,7933,0.00012604141720969512,546,20
113,7933,0.00012604141720969512,546,20
114,7933,0.00012604141720969512,547,20
115,7933,0.00012604141720969512,547,20
116,7933,0.00012604141720969512,547,20
117,7933,0.00012604141720969512,548,20
118,7933,0.00012604141720969512,548,20
119,7933,0.00012604141720969512,549,20
120,7933,0.00012604141720969512,550,20
121,7933,0.00012604141720969512,552,20
122,7933,0.00012604141720969512,552,20
123,7933,0.00012604141720969512,552,20
124,7933,0.00012604141720969512,554,20
125,7933,0.00012604141720969512,554,20
126,7933,0.00012604141720969512,554,20
127,7933,0.00012604141720969512,557,20
128,7933,0.00012604141720969512,558,20
129,7933,0.00012604141720969512,558,20
130,7933,0.00012604141720969512,559,20
131,7933,0.00012604141720969512,559,20
132,7933,0.00012604141720969512,559,20
133,7933,0.00012604141720969512,559,20
134,7933,0.00012604141720969512,559,20
135,7933,0.00012604141720969512,562,20
136,7933,0.00012604141720969512,562,20
137,7933,0.00012604141720969512,562,20
138,7933,0.00012604141720969512,562,20
139,7933,0.00012604141720969512,562,20
140,7933,0.00012604141720969512,562,20
141,7933,0.00012604141720969512,564,20
142,7933,0.00012604141720969512,565,20
143,7933,0.00012604141720969512,566,20
144,7933,0.00012604141720969512,566,20
145,7933,0.00012604141720969512,567,20
146,7933,0.00012604141720969512,568,20
147,7933,0.00012604141720969512,568,20
148,7933,0.00012604141720969512,569,20
149,7933,0.00012604141720969512,569,20
150,7933,0.00012604141720969512,570,20
151,7933,0.00012604141720969512,570,20
152,7933,0.00012604141720969512,570,20
153,7933,0.00012604141720969512,570,20
154,7933,0.00012604141720969512,570,20
155,7933,0.00012604141720969512,571,20
156,7933,0.00012604141720969512,571,20
157,7933,0.00012604141720969512,571,20
158,7933,0.00012604141720969512,572,20
159,7933,0.00012604141720969512,573,20
160,7933,0.00012604141720969512,573,20
161,7933,0.00012604141720969512,573,20
162,7933,0.00012604141720969512,573,20
163,7933,0.00012604141720969512,573,20
164,7933,0.00012604141720969512,573,20
165,7933,0.00012604141720969512,573,20
166,7933,0.00012604141720969512,574,20
167,7933,0.00012604141720969512,575,20
168,7933,0.00012604141720969512,575,20
169,7933,0.00012604141720969512,575,20
170,7933,0.00012604141720969512,575,20
171,7933,0.00012604141720969512,575,20
172,7933,0.00012604141720969512,575,20
173,7933,0.00012604141720969512,575,20
174,7933,0.00012604141720969512,575,20
175,7933,0.00012604141720969512,576,20
176,7933,0.00012604141720969512,578,20
177,7933,0.00012604141720969512,578,20
178,7933,0.00012604141720969512,579,20
179,7933,0.00012604141720969512,579,20
180,7933,0.00012604141720969512,579,20
181,7933,0.00012604141720969512,582,20
182,7933,0.00012604141720969512,582,20
183,7933,0.00012604141720969512,582,20
184,7933,0.00012604141720969512,582,20
185,7933,0.00012604141720969512,585,20
186,7933,0.00012604141720969512,585,20
187,7933,0.00012604141720969512,586,20
188,7933,0.00012604141720969512,586,20
189,7933,0.00012604141720969512,586,20
190,7933,0.00012604141720969512,588,20
191,7933,0.00012604141720969512,589,20
192,7933,0.00012604141720969512,589,20
193,7933,0.00012604141720969512,590,20
194,7933,0.00012604141720969512,591,20
195,7933,0.00012604141720969512,592,20
196,7933,0.00012604141720969512,592,20
197,7933,0.00012604141720969512,592,20
198,7933,0.00012604141720969512,593,20
199,7933,0.00012604141720969512,594,20
200,7933,0.00012604141720969512,595,20
201,7933,0.00012604141720969512,595,20
202,7933,0.00012604141720969512,595,20
203,7933,0.00012604141720969512,595,20
204,7933,0.00012604141720969512,595,20
205,7933,0.00012604141720969512,596,20
206,7933,0.00012604141720969512,596,20
207,7933,0.00012604141720969512,596,20
208,7933,0.00012604141720969512,596,20
209,7933,0.00012604141720969512,596,20
210,7933,0.00012604141720969512,597,20
211,7933,0.00012604141720969512,598,20
212,7933,0.00012604141720969512,598,20
213,7933,0.00012604141720969512,599,20
214,7933,0.00012604141720969512,600,20
215,7933,0.00012604141720969512,600,20
216,7933,0.00012604141720969512,600,20
217,7933,0.00012604141720969512,600,20
218,7933,0.00012604141720969512,600,20
219,7933,0.00012604141720969512,600,20
220,7933,0.00012604141720969512,600,20
221,7933,0.00012604141720969512,601,20
222,7933,0.00012604141720969512,601,20
223,7933,0.00012604141720969512,601,20
224,7933,0.00012604141720969512,601,20
225,7933,0.00012604141720969512,601,20
226,7933,0.00012604141720969512,601,20
227,7933,0.00012604141720969512,601,20
228,7933,0.00012604141720969512,601,20
229,7933,0.00012604141720969512,602,20
230,7933,0.00012604141720969512,604,20
231,7933,0.00012604141720969512,604,20
232,7933,0.00012604141720969512,605,20
233,7933,0.00012604141720969512,606,20
234,7933,0.00012604141720969512,606,20
235,7933,0.00012604141720969512,606,20
236,7933,0.00012604141720969512,607,20
237,7933,0.00012604141720969512,608,20
238,7933,0.00012604141720969512,608,20
239,7933,0.00012604141720969512,608,20
240,7933,0.00012604141720969512,610,20
241,7933,0.00012604141720969512,611,20
242,7933,0.00012604141720969512,611,20
243,7933,0.00012604141720969512,612,20
244,7933,0.00012604141720969512,612,20
245,7933,0.00012604141720969512,613,20
246,7933,0.00012604141720969512,613,20
247,7933,0.00012604141720969512,613,20
248,7933,0.00012604141720969512,613,20
249,7933,0.00012604141720969512,615,20
250,7933,0.00012604141720969512,615,20
251,7933,0.00012604141720969512,615,20
252,7933,0.00012604141720969512,616,20
253,7933,0.00012604141720969512,617,20
254,7933,0.00012604141720969512,617,20
255,7933,0.00012604141720969512,617,20
256,7933,0.00012604141720969512,618,20
257,7933,0.00012604141720969512,618,20
258,7933,0.00012604141720969512,618,20
259,7933,0.00012604141720969512,618,20
260,7933,0.00012604141720969512,618,20
261,7933,0.00012604141720969512,618,20
262,7933,0.00012604141720969512,618,20
263,7933,0.00012604141720969512,618,20
264,7933,0.00012604141720969512,618,20
265,7933,0.00012604141720969512,619,20
266,7933,0.00012604141720969512,620,20
267,7933,0.00012604141720969512,620,20
268,7933,0.00012604141720969512,621,20
269,7933,0.00012604141720969512,621,20
270,7933,0.00012604141720969512,621,20
271,7933,0.00012604141720969512,621,20
272,7933,0.00012604141720969512,622,20
273,7933,0.00012604141720969512,624,20
274,7933,0.00012604141720969512,624,20
275,7933,0.00012604141720969512,625,20
276,7933,0.00012604141720969512,625,20
277,7933,0.00012604141720969512,625,20
278,7933,0.00012604141720969512,625,20
279,7933,0.00012604141720969512,625,20
280,7933,0.00012604141720969512,625,20
281,7933,0.00012604141720969512,625,20
282,7933,0.00012604141720969512,625,20
283,7933,0.00012604141720969512,625,20
284,7933,0.00012604141720969512,626,20
285,7933,0.00012604141720969512,627,20
286,7933,0.00012604141720969512,627,20
287,7933,0.00012604141720969512,628,20
288,7933,0.00012604141720969512,628,20
289,7933,0.00012604141720969512,628,20
290,7933,0.00012604141720969512,629,20
291,7933,0.00012604141720969512,630,20
292,7933,0.00012604141720969512,630,20
293,7933,0.00012604141720969512,630,20
294,7933,0.00012604141720969512,630,20
295,7933,0.00012604141720969512,630,20
296,7933,0.00012604141720969512,631,20
297,7933,0.00012604141720969512,631,20
298,7933,0.00012604141720969512,633,20
299,7933,0.00012604141720969512,633,20
300,7933,0.00012604141720969512,634,20
301,7933,0.00012604141720969512,635,20
302,7933,0.00012604141720969512,636,20
303,7933,0.00012604141720969512,636,20
304,7933,0.00012604141720969512,636,20
305,7933,0.00012604141720969512,638,20
306,7933,0.00012604141720969512,638,20
307,7933,0.00012604141720969512,639,20
308,7933,0.00012604141720969512,639,20
309,7933,0.00012604141720969512,640,20
310,7933,0.00012604141720969512,640,20
311,7933,0.00012604141720969512,640,20
312,7933,0.00012604141720969512,641,20
313,7933,0.00012604141720969512,641,20
314,7933,0.00012604141720969512,642,20
315,7933,0.00012604141720969512,642,20
316,7933,0.00012604141720969512,643,20
317,7933,0.00012604141720969512,643,20
318,7933,0.00012604141720969512,643,20
319,7933,0.00012604141720969512,643,20
320,7933,0.00012604141720969512,643,20
321,7926,0.00012615272048341724,644,20
322,7926,0.00012615272048341724,644,20
323,7926,0.00012615272048341724,644,20
324,7926,0.00012615272048341724,644,20
325,7926,0.00012615272048341724,644,20
326,7926,0.00012615272048341724,644,20
327,7926,0.00012615272048341724,644,20
328,7926,0.00012615272048341724,644,20
329,7926,0.00012615272048341724,644,20
330,7926,0.00012615272048341724,644,20
331,7926,0.00012615272048341724,644,20
332,7926,0.00012615272048341724,644,20
333,7926,0.00012615272048341724,645,20
334,7926,0.00012615272048341724,645,20
335,7926,0.00012615272048341724,646,20
336,7926,0.00012615272048341724,646,20
337,7926,0.00012615272048341724,646,20
338,7926,0.00012615272048341724,646,20
339,7926,0.00012615272048341724,646,20
340,7926,0.00012615272048341724,646,20
341,7926,0.00012615272048341724,646,20
342,7926,0.00012615272048341724,646,20
343,7926,0.00012615272048341724,646,20
344,7926,0.00012615272048341724,646,20
345,7926,0.00012615272048341724,647,20
346,7926,0.00012615272048341724,647,20
347,7926,0.00012615272048341724,647,20
348,7926,0.00012615272048341724,647,20
349,7926,0.00012615272048341724,647,20
350,7926,0.00012615272048341724,647,20
351,7926,0.00012615272048341724,647,20
352,7926,0.00012615272048341724,647,20
353,7926,0.00012615272048341724,647,20
354,7926,0.00012615272048341724,649,20
355,7926,0.00012615272048341724,649,20
356,7926,0.00012615272048341724,649,20
357,7926,0.00012615272048341724,649,20
358,7926,0.00012615272048341724,650,20
359,7926,0.00012615272048341724,650,20
360,7926,0.00012615272048341724,650,20
361,7926,0.00012615272048341724,650,20
362,7926,0.00012615272048341724,650,20
363,7926,0.00012615272048341724,650,20
364,7926,0.00012615272048341724,650,20
365,7926,0.00012615272048341724,651,20
366,7926,0.00012615272048341724,651,20
367,7926,0.00012615272048341724,651,20
368,7926,0.00012615272048341724,651,20
369,7926,0.00012615272048341724,653,20
370,7926,0.00012615272048341724,653,20
371,7926,0.00012615272048341724,653,20
372,7926,0.00012615272048341724,653,20
373,7926,0.00012615272048341724,653,20
374,7926,0.00012615272048341724,653,20
375,7926,0.00012615272048341724,653,20
376,7926,0.00012615272048341724,653,20
377,7926,0.00012615272048341724,653,20
378,7926,0.00012615272048341724,653,20
379,7926,0.00012615272048341724,653,20
380,7926,0.00012615272048341724,653,20
381,7926,0.00012615272048341724,654,20
382,7926,0.00012615272048341724,654,20
383,7926,0.00012615272048341724,654,20
384,7926,0.00012615272048341724,655,20
385,7926,0.00012615272048341724,655,20
386,7926,0.00012615272048341724,655,20
387,7926,0.00012615272048341724,655,20
388,7926,0.00012615272048341724,655,20
389,7926,0.00012615272048341724,655,20
390,7926,0.00012615272048341724,656,20
391,7926,0.00012615272048341724,656,20
392,7926,0.00012615272048341724,656,20
393,7926,0.00012615272048341724,656,20
394,7926,0.00012615272048341724,656,20
395,7926,0.00012615272048341724,656,20
396,7926,0.00012615272048341724,656,20
397,7926,0.00012615272048341724,656,20
398,7926,0.00012615272048341724,656,20
399,7926,0.00012615272048341724,656,20
400,7926,0.00012615272048341724,656,20
401,7926,0.00012615272048341724,657,20
402,7926,0.00012615272048341724,657,20
403,7926,0.00012615272048341724,657,20
404,7926,0.00012615272048341724,657,20
405,7926,0.00012615272048341724,657,20
406,7926,0.00012615272048341724,659,20
407,7926,0.00012615272048341724,659,20
408,7926,0.00012615272048341724,659,20
409,7926,0.00012615272048341724,659,20
410,7926,0.00012615272048341724,659,20
411,7926,0.00012615272048341724,660,20
412,7926,0.00012615272048341724,660,20
413,7926,0.00012615272048341724,661,20
414,7926,0.00012615272048341724,661,20
415,7926,0.00012615272048341724,661,20
416,7926,0.00012615272048341724,662,20
417,7926,0.00012615272048341724,662,20
418,7926,0.00012615272048341724,662,20
419,7926,0.00012615272048341724,663,20
420,7926,0.00012615272048341724,663,20
421,7926,0.00012615272048341724,663,20
422,7926,0.00012615272048341724,663,20
423,7926,0.00012615272048341724,663,20
424,7926,0.00012615272048341724,663,20
425,7926,0.00012615272048341724,663,20
426,7926,0.00012615272048341724,663,20
427,7926,0.00012615272048341724,663,20
428,7926,0.00012615272048341724,663,20
429,7926,0.00012615272048341724,664,20
430,7926,0.00012615272048341724,664,20
431,7926,0.00012615272048341724,664,20
432,7752,0.00012898399308645798,666,20
433,7752,0.00012898399308645798,667,20
434,7752,0.00012898399308645798,668,20
435,7752,0.00012898399308645798,668,20
436,7752,0.00012898399308645798,668,20
437,7752,0.00012898399308645798,668,20
438,7752,0.00012898399308645798,668,20
439,7752,0.00012898399308645798,668,20
440,7752,0.00012898399308645798,668,20
441,7752,0.00012898399308645798,669,20
442,7752,0.00012898399308645798,669,20
443,7752,0.00012898399308645798,669,20
444,7752,0.00012898399308645798,669,20
445,7752,0.00012898399308645798,669,20
446,7752,0.00012898399308645798,669,20
447,7752,0.00012898399308645798,669,20
448,7752,0.00012898399308645798,669,20
449,7752,0.00012898399308645798,669,20
450,7752,0.00012898399308645798,670,20
451,7752,0.00012898399308645798,670,20
452,7752,0.00012898399308645798,670,20
453,7752,0.00012898399308645798,670,20
454,7752,0.00012898399308645798,671,20
455,7752,0.00012898399308645798,671,20
456,7752,0.00012898399308645798,672,20
457,7752,0.00012898399308645798,672,20
458,7752,0.00012898399308645798,672,20
459,7752,0.00012898399308645798,672,20
460,7752,0.00012898399308645798,673,20
461,7752,0.00012898399308645798,673,20
462,7752,0.00012898399308645798,674,20
463,7752,0.00012898399308645798,674,20
464,7752,0.00012898399308645798,674,20
465,7752,0.00012898399308645798,674,20
466,7752,0.00012898399308645798,674,20
467,7752,0.00012898399308645798,674,20
468,7752,0.00012898399308645798,674,20
469,7752,0.00012898399308645798,674,20
470,7752,0.00012898399308645798,674,20
471,7752,0.00012898399308645798,674,20
472,7752,0.00012898399308645798,674,20
473,7752,0.00012898399308645798,675,20
474,7752,0.00012898399308645798,676,20
475,7752,0.00012898399308645798,677,20
476,7752,0.00012898399308645798,678,20
477,7752,0.00012898399308645798,678,20
478,7752,0.00012898399308645798,678,20
479,7752,0.00012898399308645798,678,20
480,7752,0.00012898399308645798,678,20
481,7752,0.00012898399308645798,678,20
482,7752,0.00012898399308645798,678,20
483,7752,0.00012898399308645798,678,20
484,7752,0.00012898399308645798,678,20
485,7752,0.00012898399308645798,678,20
486,7752,0.00012898399308645798,678,20
487,7752,0.00012898399308645798,679,20
488,7752,0.00012898399308645798,680,20
489,7752,0.00012898399308645798,680,20
490,7752,0.00012898399308645798,680,20
491,7752,0.00012898399308645798,680,20
492,7752,0.00012898399308645798,680,20
493,7752,0.00012898399308645798,680,20
494,7752,0.00012898399308645798,680,20
495,7752,0.00012898399308645798,680,20
496,7752,0.00012898399308645798,680,20
497,7752,0.00012898399308645798,681,20
498,7752,0.00012898399308645798,681,20
499,7752,0.00012898399308645798,681,20
500,7752,0.00012898399308645798,681,20
501,7752,0.00012898399308645798,681,20
502,7752,0.00012898399308645798,682,20
503,7752,0.00012898399308645798,682,20
504,7752,0.00012898399308645798,682,20
505,7752,0.00012898399308645798,682,20
506,7752,0.00012898399308645798,682,20
507,7752,0.00012898399308645798,682,20
508,7752,0.00012898399308645798,682,20
509,7752,0.00012898399308645798,682,20
510,7752,0.00012898399308645798,682,20
511,7752,0.00012898399308645798,682,20
512,7752,0.00012898399308645798,682,20
513,7752,0.00012898399308645798,682,20
514,7752,0.00012898399308645798,682,20
515,7752,0.00012898399308645798,682,20
516,7752,0.00012898399308645798,682,20
517,7752,0.00012898399308645798,682,20
518,7752,0.00012898399308645798,682,20
519,7752,0.00012898399308645798,682,20
520,7752,0.00012898399308645798,682,20
521,7752,0.00012898399308645798,682,20
522,7752,0.00012898399308645798,682,20
523,7752,0.00012898399308645798,682,20
524,7752,0.00012898399308645798,682,20
525,7752,0.00012898399308645798,682,20
526,7752,0.00012898399308645798,682,20
527,7752,0.00012898399308645798,682,20
528,7752,0.00012898399308645798,682,20
529,7752,0.00012898399308645798,682,20
530,7752,0.00012898399308645798,682,20
531,7752,0.00012898399308645798,682,20
532,7752,0.00012898399308645798,682,20
533,7752,0.00012898399308645798,682,20
534,7752,0.00012898399308645798,682,20
535,7752,0.00012898399308645798,682,20
536,7752,0.00012898399308645798,682,20
537,7752,0.00012898399308645798,682,20
538,7752,0.00012898399308645798,682,20
539,7752,0.00012898399308645798,682,20
540,7752,0.00012898399308645798,682,20
541,7752,0.00012898399308645798,684,20
542,7752,0.00012898399308645798,684,20
543,7752,0.00012898399308645798,684,20
544,7752,0.00012898399308645798,684,20
545,7752,0.00012898399308645798,684,20
546,7752,0.00012898399308645798,684,20
547,7752,0.00012898399308645798,684,20
548,7752,0.00012898399308645798,684,20
549,7752,0.00012898399308645798,684,20
550,7752,0.00012898399308645798,684,20
551,7752,0.00012898399308645798,684,20
552,7752,0.00012898399308645798,684,20
553,7752,0.00012898399308645798,684,20
554,7752,0.00012898399308645798,684,20
555,7752,0.00012898399308645798,684,20
556,7752,0.00012898399308645798,684,20
557,7752,0.00012898399308645798,684,20
558,7752,0.00012898399308645798,684,20
559,7752,0.00012898399308645798,684,20
560,7752,0.00012898399308645798,684,20
561,7752,0.00012898399308645798,684,20
562,7752,0.00012898399308645798,684,20
563,7752,0.00012898399308645798,684,20
564,7752,0.00012898399308645798,684,20
565,7752,0.00012898399308645798,684,20
566,7752,0.00012898399308645798,684,20
567,7752,0.00012898399308645798,684,20
568,7752,0.00012898399308645798,684,20
569,7752,0.00012898399308645798,684,20
570,7752,0.00012898399308645798,684,20
571,7752,0.00012898399308645798,684,20
572,7752,0.00012898399308645798,684,20
573,7752,0.00012898399308645798,684,20
574,7752,0.00012898399308645798,684,20
575,7752,0.00012898399308645798,684,20
576,7752,0.00012898399308645798,684,20
577,7752,0.00012898399308645798,684,20
578,7752,0.00012898399308645798,684,20
579,7752,0.00012898399308645798,684,20
580,7752,0.00012898399308645798,684,20
581,7752,0.00012898399308645798,684,20
582,7752,0.00012898399308645798,684,20
583,7752,0.00012898399308645798,684,20
584,7752,0.00012898399308645798,684,20
585,7752,0.00012898399308645798,684,20
586,7752,0.00012898399308645798,684,20
587,7752,0.00012898399308645798,684,20
588,7752,0.00012898399308645798,684,20
589,7752,0.00012898399308645798,684,20
590,7752,0.00012898399308645798,685,20
591,7752,0.00012898399308645798,685,20
592,7752,0.00012898399308645798,685,20
593,7752,0.00012898399308645798,685,20
594,7752,0.00012898399308645798,685,20
595,7752,0.00012898399308645798,685,20
596,7752,0.00012898399308645798,685,20
597,7752,0.00012898399308645798,685,20
598,7752,0.00012898399308645798,685,20
599,7752,0.00012898399308645798,685,20
600,7752,0.00012898399308645798,685,20
601,7752,0.00012898399308645798,685,20
602,7752,0.00012898399308645798,685,20
603,7752,0.00012898399308645798,685,20
604,7752,0.00012898399308645798,685,20
605,7752,0.00012898399308645798,685,20
606,7752,0.00012898399308645798,685,20
607,7752,0.00012898399308645798,685,20
608,7752,0.00012898399308645798,686,20
609,7752,0.00012898399308645798,686,20
610,7752,0.00012898399308645798,687,20
611,7752,0.00012898399308645798,687,20
612,7752,0.00012898399308645798,687,20
613,7752,0.00012898399308645798,687,20
614,7752,0.00012898399308645798,687,20
615,7752,0.00012898399308645798,688,20
616,7752,0.00012898399308645798,689,20
617,7752,0.00012898399308645798,689,20
618,7752,0.00012898399308645798,689,20
619,7752,0.00012898399308645798,689,20
620,7752,0.00012898399308645798,689,20
621,7752,0.00012898399308645798,689,20
622,7752,0.00012898399308645798,689,20
623,7752,0.00012898399308645798,690,20
624,7752,0.00012898399308645798,690,20
625,7752,0.00012898399308645798,690,20
626,7752,0.00012898399308645798,690,20
627,7752,0.00012898399308645798,690,20
628,7752,0.00012898399308645798,690,20
629,7752,0.00012898399308645798,690,20
630,7752,0.00012898399308645798,690,20
631,7752,0.00012898399308645798,690,20
632,7752,0.00012898399308645798,691,20
633,7752,0.00012898399308645798,691,20
634,7752,0.00012898399308645798,691,20
635,7752,0.00012898399308645798,691,20
636,7752,0.00012898399308645798,691,20
637,7752,0.00012898399308645798,691,20
638,7752,0.00012898399308645798,691,20
639,7752,0.00012898399308645798,691,20
640,7752,0.00012898399308645798,691,20
641,7752,0.00012898399308645798,691,20
642,7752,0.00012898399308645798,691,20
643,7752,0.00012898399308645798,691,20
644,7752,0.00012898399308645798,691,20
645,7752,0.00012898399308645798,691,20
646,7752,0.00012898399308645798,691,20
647,7752,0.00012898399308645798,691,20
648,7752,0.00012898399308645798,691,20
649,7752,0.00012898399308645798,691,20
650,7752,0.00012898399308645798,691,20
651,7752,0.00012898399308645798,691,20
652,7752,0.00012898399308645798,692,20
653,7752,0.00012898399308645798,692,20
654,7752,0.00012898399308645798,692,20
655,7752,0.00012898399308645798,693,20
656,7752,0.00012898399308645798,693,20
657,7752,0.00012898399308645798,693,20
658,7752,0.00012898399308645798,693,20
659,7752,0.00012898399308645798,693,20
660,7752,0.00012898399308645798,693,20
661,7752,0.00012898399308645798,693,20
662,7752,0.00012898399308645798,694,20
663,7752,0.00012898399308645798,694,20
664,7752,0.00012898399308645798,694,20
665,7752,0.00012898399308645798,694,20
666,7752,0.00012898399308645798,694,20
667,7752,0.00012898399308645798,694,20
668,7752,0.00012898399308645798,694,20
669,7752,0.00012898399308645798,694,20
670,7752,0.00012898399308645798,694,20
671,7752,0.00012898399308645798,694,20
672,7752,0.00012898399308645798,695,20
673,7752,0.00012898399308645798,695,20
674,7752,0.00012898399308645798,695,20
675,7752,0.00012898399308645798,695,20
676,7752,0.00012898399308645798,695,20
677,7752,0.00012898399308645798,696,20
678,7752,0.00012898399308645798,696,20
679,7752,0.00012898399308645798,696,20
680,7752,0.00012898399308645798,696,20
681,7752,0.00012898399308645798,696,20
682,7752,0.00012898399308645798,696,20
683,7752,0.00012898399308645798,696,20
684,7752,0.00012898399308645798,696,20
685,7752,0.00012898399308645798,696,20
686,7752,0.00012898399308645798,696,20
687,7752,0.00012898399308645798,696,20
688,7752,0.00012898399308645798,696,20
689,7752,0.00012898399308645798,696,20
690,7752,0.00012898399308645798,696,20
691,7752,0.00012898399308645798,696,20
692,7752,0.00012898399308645798,696,20
693,7752,0.00012898399308645798,696,20
694,7752,0.00012898399308645798,696,20
695,7752,0.00012898399308645798,696,20
696,7752,0.00012898399308645798,696,20
697,7752,0.00012898399308645798,696,20
698,7752,0.00012898399308645798,696,20
699,7752,0.00012898399308645798,696,20
700,7752,0.00012898399308645798,696,20
701,7752,0.00012898399308645798,696,20
702,7752,0.00012898399308645798,696,20
703,7752,0.00012898399308645798,696,20
704,7752,0.00012898399308645798,696,20
705,7752,0.00012898399308645798,696,20
706,7752,0.00012898399308645798,696,20
707,7752,0.00012898399308645798,696,20
708,7752,0.00012898399308645798,697,20
709,7752,0.00012898399308645798,698,20
710,7752,0.00012898399308645798,698,20
711,7752,0.00012898399308645798,698,20
712,7752,0.00012898399308645798,698,20
713,7752,0.00012898399308645798,698,20
714,7752,0.00012898399308645798,698,20
715,7752,0.00012898399308645798,698,20
716,7752,0.00012898399308645798,698,20
717,7752,0.00012898399308645798,698,20
718,7752,0.00012898399308645798,699,20
719,7752,0.00012898399308645798,699,20
720,7752,0.00012898399308645798,699,20
721,7752,0.00012898399308645798,699,20
722,7752,0.00012898399308645798,699,20
723,7752,0.00012898399308645798,699,20
724,7752,0.00012898399308645798,699,20
725,7752,0.00012898399308645798,699,20
726,7752,0.00012898399308645798,699,20
727,7752,0.00012898399308645798,699,20
728,7752,0.00012898399308645798,699,20
729,7752,0.00012898399308645798,700,20
730,7752,0.00012898399308645798,700,20
731,7752,0.00012898399308645798,700,20
732,7752,0.00012898399308645798,701,20
733,7752,0.00012898399308645798,701,20
734,7752,0.00012898399308645798,701,20
735,7752,0.00012898399308645798,702,20
736,7752,0.00012898399308645798,702,20
737,7752,0.00012898399308645798,702,20
738,7752,0.00012898399308645798,703,20
739,7752,0.00012898399308645798,703,20
740,7752,0.00012898399308645798,703,20
741,7752,0.00012898399308645798,703,20
742,7752,0.00012898399308645798,703,20
743,7752,0.00012898399308645798,704,20
744,7752,0.00012898399308645798,704,20
745,7752,0.00012898399308645798,704,20
746,7752,0.00012898399308645798,704,20
747,7752,0.00012898399308645798,704,20
748,7752,0.00012898399308645798,704,20
749,7752,0.00012898399308645798,704,20
750,7752,0.00012898399308645798,705,20
751,7752,0.00012898399308645798,705,20
752,7752,0.00012898399308645798,705,20
753,7752,0.00012898399308645798,705,20
754,7752,0.00012898399308645798,705,20
755,7752,0.00012898399308645798,705,20
756,7752,0.00012898399308645798,705,20
757,7752,0.00012898399308645798,705,20
758,7752,0.00012898399308645798,705,20
759,7752,0.00012898399308645798,705,20
760,7752,0.00012898399308645798,705,20
761,7752,0.00012898399308645798,705,20
762,7752,0.00012898399308645798,706,20
763,7752,0.00012898399308645798,706,20
764,7752,0.00012898399308645798,706,20
765,7752,0.00012898399308645798,706,20
766,7752,0.00012898399308645798,708,20
767,7752,0.00012898399308645798,709,20
768,7752,0.00012898399308645798,709,20
769,7752,0.00012898399308645798,709,20
770,7752,0.00012898399308645798,709,20
771,7752,0.00012898399308645798,709,20
772,7752,0.00012898399308645798,710,20
773,7752,0.00012898399308645798,710,20
774,7752,0.00012898399308645798,710,20
775,7752,0.00012898399308645798,710,20
776,7752,0.00012898399308645798,710,20
777,7752,0.00012898399308645798,711,20
778,7752,0.00012898399308645798,712,20
779,7752,0.00012898399308645798,713,20
780,7752,0.00012898399308645798,713,20
781,7752,0.00012898399308645798,714,20
782,7752,0.00012898399308645798,714,20
783,7752,0.00012898399308645798,714,20
784,7752,0.00012898399308645798,715,20
785,7752,0.00012898399308645798,715,20
786,7752,0.00012898399308645798,715,20
787,7752,0.00012898399308645798,715,20
788,7752,0.00012898399308645798,715,20
789,7752,0.00012898399308645798,715,20
790,7752,0.00012898399308645798,715,20
791,7752,0.00012898399308645798,715,20
792,7752,0.00012898399308645798,715,20
793,7752,0.00012898399308645798,715,20
794,7752,0.00012898399308645798,715,20
795,7752,0.00012898399308645798,715,20
796,7752,0.00012898399308645798,715,20
797,7752,0.00012898399308645798,715,20
798,7752,0.00012898399308645798,715,20
799,7752,0.00012898399308645798,715,20
800,7752,0.00012898399308645798,715,20
801,7752,0.00012898399308645798,715,20
802,7752,0.00012898399308645798,715,20
803,7752,0.00012898399308645798,715,20
804,7752,0.00012898399308645798,715,20
805,7752,0.00012898399308645798,715,20
806,7752,0.00012898399308645798,715,20
807,7752,0.00012898399308645798,715,20
808,7752,0.00012898399308645798,715,20
809,7752,0.00012898399308645798,715,20
810,7752,0.00012898399308645798,716,20
811,7752,0.00012898399308645798,716,20
812,7752,0.00012898399308645798,716,20
813,7752,0.00012898399308645798,716,20
814,7752,0.00012898399308645798,717,20
815,7752,0.00012898399308645798,717,20
816,7752,0.00012898399308645798,717,20
817,7752,0.00012898399308645798,717,20
818,7752,0.00012898399308645798,717,20
819,7752,0.00012898399308645798,718,20
820,7752,0.00012898399308645798,718,20
821,7752,0.00012898399308645798,720,20
822,7752,0.00012898399308645798,721,20
823,7752,0.00012898399308645798,721,20
824,7752,0.00012898399308645798,721,20
825,7752,0.00012898399308645798,722,20
826,7752,0.00012898399308645798,722,20
827,7752,0.00012898399308645798,722,20
828,7752,0.00012898399308645798,722,20
829,7752,0.00012898399308645798,722,20
830,7752,0.00012898399308645798,722,20
831,7752,0.00012898399308645798,723,20
832,7752,0.00012898399308645798,723,20
833,7752,0.00012898399308645798,723,20
834,7752,0.00012898399308645798,723,20
835,7752,0.00012898399308645798,723,20
836,7752,0.00012898399308645798,723,20
837,7752,0.00012898399308645798,723,20
838,7752,0.00012898399308645798,723,20
839,7752,0.00012898399308645798,723,20
840,7752,0.00012898399308645798,723,20
841,7752,0.00012898399308645798,723,20
842,7752,0.00012898399308645798,723,20
843,7752,0.00012898399308645798,723,20
844,7752,0.00012898399308645798,723,20
845,7752,0.00012898399308645798,723,20
846,7752,0.00012898399308645798,723,20
847,7752,0.00012898399308645798,723,20
848,7752,0.00012898399308645798,723,20
849,7752,0.00012898399308645798,723,20
850,7752,0.00012898399308645798,723,20
851,7752,0.00012898399308645798,723,20
852,7752,0.00012898399308645798,723,20
853,7752,0.00012898399308645798,723,20
854,7752,0.00012898399308645798,724,20
855,7752,0.00012898399308645798,725,20
856,7752,0.00012898399308645798,725,20
857,7752,0.00012898399308645798,725,20
858,7752,0.00012898399308645798,725,20
859,7752,0.00012898399308645798,726,20
860,7752,0.00012898399308645798,726,20
861,7752,0.00012898399308645798,726,20
862,7752,0.00012898399308645798,726,20
863,7752,0.00012898399308645798,726,20
864,7752,0.00012898399308645798,726,20
865,7752,0.00012898399308645798,726,20
866,7752,0.00012898399308645798,726,20
867,7752,0.00012898399308645798,726,20
868,7752,0.00012898399308645798,726,20
869,7752,0.00012898399308645798,726,20
870,7752,0.00012898399308645798,726,20
871,7752,0.00012898399308645798,726,20
872,7752,0.00012898399308645798,727,20
873,7752,0.00012898399308645798,728,20
874,7752,0.00012898399308645798,728,20
875,7752,0.00012898399308645798,728,20
876,7752,0.00012898399308645798,728,20
877,7752,0.00012898399308645798,728,20
878,7752,0.00012898399308645798,728,20
879,7752,0.00012898399308645798,729,20
880,7752,0.00012898399308645798,729,20
881,7752,0.00012898399308645798,729,20
882,7752,0.00012898399308645798,729,20
883,7752,0.00012898399308645798,729,20
884,7752,0.00012898399308645798,730,20
885,7752,0.00012898399308645798,730,20
886,7752,0.00012898399308645798,730,20
887,7752,0.00012898399308645798,730,20
888,7752,0.00012898399308645798,730,20
889,7752,0.00012898399308645798,730,20
890,7752,0.00012898399308645798,730,20
891,7752,0.00012898399308645798,730,20
892,7752,0.00012898399308645798,730,20
893,7752,0.00012898399308645798,730,20
894,7752,0.00012898399308645798,730,20
895,7752,0.00012898399308645798,730,20
896,7752,0.00012898399308645798,730,20
897,7752,0.00012898399308645798,730,20
898,7752,0.00012898399308645798,730,20
899,7752,0.00012898399308645798,730,20
900,7752,0.00012898399308645798,730,20
901,7752,0.00012898399308645798,730,20
902,7752,0.00012898399308645798,731,20
903,7752,0.00012898399308645798,731,20
904,7752,0.00012898399308645798,731,20
905,7752,0.00012898399308645798,731,20
906,7752,0.00012898399308645798,732,20
907,7752,0.00012898399308645798,732,20
908,7752,0.00012898399308645798,732,20
909,7752,0.00012898399308645798,732,20
910,7752,0.00012898399308645798,732,20
911,7752,0.00012898399308645798,732,20
912,7752,0.00012898399308645798,733,20
913,7752,0.00012898399308645798,733,20
914,7752,0.00012898399308645798,733,20
915,7752,0.00012898399308645798,733,20
916,7752,0.00012898399308645798,733,20
917,7752,0.00012898399308645798,733,20
918,7752,0.00012898399308645798,733,20
919,7752,0.00012898399308645798,733,20
920,7752,0.00012898399308645798,733,20
921,7752,0.00012898399308645798,733,20
922,7752,0.00012898399308645798,733,20
923,7752,0.00012898399308645798,734,20
924,7752,0.00012898399308645798,734,20
925,7752,0.00012898399308645798,734,20
926,7752,0.00012898399308645798,734,20
927,7752,0.00012898399308645798,734,20
928,7752,0.00012898399308645798,734,20
929,7752,0.00012898399308645798,734,20
930,7752,0.00012898399308645798,734,20
931,7752,0.00012898399308645798,734,20
932,7752,0.00012898399308645798,734,20
933,7752,0.00012898399308645798,734,20
934,7752,0.00012898399308645798,734,20
935,7752,0.00012898399308645798,734,20
936,7752,0.00012898399308645798,734,20
937,7752,0.00012898399308645798,734,20
938,7752,0.00012898399308645798,734,20
939,7752,0.00012898399308645798,734,20
940,7752,0.00012898399308645798,734,20
941,7752,0.00012898399308645798,734,20
942,7752,0.00012898399308645798,734,20
943,7752,0.00012898399308645798,734,20
944,7752,0.00012898399308645798,734,20
945,7752,0.00012898399308645798,734,20
946,7752,0.00012898399308645798,736,20
947,7752,0.00012898399308645798,736,20
948,7752,0.00012898399308645798,737,20
949,7752,0.00012898399308645798,737,20
950,7752,0.00012898399308645798,737,20
951,7752,0.00012898399308645798,737,20
952,7752,0.00012898399308645798,737,20
953,7752,0.00012898399308645798,737,20
954,7752,0.00012898399308645798,737,20
955,7752,0.00012898399308645798,737,20
956,7752,0.00012898399308645798,737,20
957,7752,0.00012898399308645798,738,20
958,7752,0.00012898399308645798,738,20
959,7752,0.00012898399308645798,738,20
960,7752,0.00012898399308645798,738,20
961,7752,0.00012898399308645798,738,20
962,7752,0.00012898399308645798,738,20
963,7752,0.00012898399308645798,738,20
964,7752,0.00012898399308645798,738,20
965,7752,0.00012898399308645798,738,20
966,7752,0.00012898399308645798,738,20
967,7752,0.00012898399308645798,738,20
968,7752,0.00012898399308645798,738,20
969,7752,0.00012898399308645798,738,20
970,7752,0.00012898399308645798,738,20
971,7752,0.00012898399308645798,738,20
972,7752,0.00012898399308645798,738,20
973,7752,0.00012898399308645798,738,20
974,7752,0.00012898399308645798,738,20
975,7752,0.00012898399308645798,738,20
976,7752,0.00012898399308645798,738,20
977,7752,0.00012898399308645798,738,20
978,7752,0.00012898399308645798,738,20
979,7752,0.00012898399308645798,738,20
980,7752,0.00012898399308645798,738,20
981,7752,0.00012898399308645798,739,20
982,7752,0.00012898399308645798,739,20
983,7752,0.00012898399308645798,739,20
984,7752,0.00012898399308645798,739,20
985,7752,0.00012898399308645798,739,20
986,7752,0.00012898399308645798,739,20
987,7752,0.00012898399308645798,739,20
988,7752,0.00012898399308645798,740,20
989,7752,0.00012898399308645798,740,20
990,7752,0.00012898399308645798,740,20
991,7752,0.00012898399308645798,740,20
992,7752,0.00012898399308645798,740,20
993,7752,0.00012898399308645798,740,20
994,7752,0.00012898399308645798,740,20
995,7752,0.00012898399308645798,741,20
996,7752,0.00012898399308645798,741,20
997,7752,0.00012898399308645798,741,20
998,7752,0.00012898399308645798,741,20
999,7752,0.00012898399308645798,741,20
1000,7752,0.00012898399308645798,741,20
1001,7752,0.00012898399308645798,741,20
1002,7752,0.00012898399308645798,741,20
1003,7752,0.00012898399308645798,741,20
1004,7752,0.00012898399308645798,741,20
1005,7752,0.00012898399308645798,741,20
1006,7752,0.00012898399308645798,741,20
1007,7752,0.00012898399308645798,741,20
1008,7752,0.00012898399308645798,741,20
1009,7752,0.00012898399308645798,741,20
1010,7752,0.00012898399308645798,741,20
1011,7752,0.00012898399308645798,741,20
1012,7752,0.00012898399308645798,741,20
1013,7752,0.00012898399308645798,741,20
1014,7752,0.00012898399308645798,741,20
1015,7752,0.00012898399308645798,741,20
1016,7752,0.00012898399308645798,742,20
1017,7752,0.00012898399308645798,742,20
1018,7752,0.00012898399308645798,742,20
1019,7752,0.00012898399308645798,742,20
1020,7752,0.00012898399308645798,743,20
1021,7752,0.00012898399308645798,743,20
1022,7752,0.00012898399308645798,743,20
1023,7752,0.00012898399308645798,743,20
1024,7752,0.00012898399308645798,743,20
1025,7752,0.00012898399308645798,743,20
1026,7752,0.00012898399308645798,743,20
1027,7752,0.00012898399308645798,743,20
1028,7752,0.00012898399308645798,744,20
1029,7752,0.00012898399308645798,744,20
1030,7752,0.00012898399308645798,744,20
1031,7752,0.00012898399308645798,744,20
1032,7752,0.00012898399308645798,744,20
1033,7752,0.00012898399308645798,744,20
1034,7752,0.00012898399308645798,744,20
1035,7752,0.00012898399308645798,744,20
1036,7752,0.00012898399308645798,744,20
1037,7752,0.00012898399308645798,745,20
1038,7752,0.00012898399308645798,745,20
1039,7752,0.00012898399308645798,745,20
1040,7752,0.00012898399308645798,745,20
1041,7752,0.00012898399308645798,745,20
1042,7752,0.00012898399308645798,745,20
1043,7752,0.00012898399308645798,745,20
1044,7752,0.00012898399308645798,745,20
1045,7752,0.00012898399308645798,745,20
1046,7752,0.00012898399308645798,745,20
1047,7752,0.00012898399308645798,745,20
1048,7752,0.00012898399308645798,745,20
1049,7752,0.00012898399308645798,745,20
1050,7752,0.00012898399308645798,745,20
1051,7752,0.00012898399308645798,745,20
1052,7752,0.00012898399308645798,745,20
1053,7752,0.00012898399308645798,745,20
1054,7752,0.00012898399308645798,745,20
1055,7752,0.00012898399308645798,745,20
1056,7752,0.00012898399308645798,745,20
1057,7752,0.00012898399308645798,745,20
1058,7752,0.00012898399308645798,745,20
1059,7752,0.00012898399308645798,745,20
1060,7752,0.00012898399308645798,745,20
1061,7752,0.00012898399308645798,745,20
1062,7752,0.00012898399308645798,745,20
1063,7752,0.00012898399308645798,745,20
1064,7752,0.00012898399308645798,745,20
1065,7752,0.00012898399308645798,745,20
1066,7752,0.00012898399308645798,745,20
1067,7752,0.00012898399308645798,745,20
1068,7752,0.00012898399308645798,746,20
1069,7752,0.00012898399308645798,746,20
1070,7752,0.00012898399308645798,746,20
1071,7752,0.00012898399308645798,746,20
1072,7752,0.00012898399308645798,746,20
1073,7752,0.00012898399308645798,746,20
1074,7752,0.00012898399308645798,746,20
1075,7752,0.00012898399308645798,746,20
1076,7752,0.00012898399308645798,746,20
1077,7752,0.00012898399308645798,746,20
1078,7752,0.00012898399308645798,746,20
1079,7752,0.00012898399308645798,746,20
1080,7752,0.00012898399308645798,746,20
1081,7752,0.00012898399308645798,747,20
1082,7752,0.00012898399308645798,747,20
1083,7752,0.00012898399308645798,747,20
1084,7752,0.00012898399308645798,747,20
1085,7752,0.00012898399308645798,747,20
1086,7752,0.00012898399308645798,747,20
1087,7752,0.00012898399308645798,747,20
1088,7752,0.00012898399308645798,747,20
1089,7752,0.00012898399308645798,747,20
1090,7752,0.00012898399308645798,747,20
1091,7752,0.00012898399308645798,747,20
1092,7752,0.00012898399308645798,748,20
1093,7752,0.00012898399308645798,748,20
1094,7752,0.00012898399308645798,748,20
1095,7752,0.00012898399308645798,748,20
1096,7752,0.00012898399308645798,748,20
1097,7752,0.00012898399308645798,748,20
1098,7752,0.00012898399308645798,748,20
1099,7752,0.00012898399308645798,748,20
1100,7752,0.00012898399308645798,748,20
1101,7752,0.00012898399308645798,748,20
1102,7752,0.00012898399308645798,748,20
1103,7752,0.00012898399308645798,748,20
1104,7752,0.00012898399308645798,749,20
1105,7752,0.00012898399308645798,749,20
1106,7752,0.00012898399308645798,749,20
1107,7752,0.00012898399308645798,749,20
1108,7752,0.00012898399308645798,749,20
1109,7752,0.00012898399308645798,749,20
1110,7752,0.00012898399308645798,749,20
1111,7752,0.00012898399308645798,750,20
1112,7752,0.00012898399308645798,750,20
1113,7752,0.00012898399308645798,750,20
1114,7752,0.00012898399308645798,750,20
1115,7752,0.00012898399308645798,750,20
1116,7752,0.00012898399308645798,750,20
1117,7752,0.00012898399308645798,750,20
1118,7752,0.00012898399308645798,750,20
1119,7752,0.00012898399308645798,750,20
1120,7752,0.00012898399308645798,751,20
1121,7752,0.00012898399308645798,751,20
1122,7752,0.00012898399308645798,751,20
1123,7752,0.00012898399308645798,751,20
1124,7752,0.00012898399308645798,751,20
1125,7752,0.00012898399308645798,751,20
1126,7752,0.00012898399308645798,751,20
1127,7752,0.00012898399308645798,751,20
1128,7752,0.00012898399308645798,751,20
1129,7752,0.00012898399308645798,751,20
1130,7752,0.00012898399308645798,752,20
1131,7752,0.00012898399308645798,752,20
1132,7752,0.00012898399308645798,752,20
1133,7752,0.00012898399308645798,752,20
1134,7752,0.00012898399308645798,752,20
1135,7752,0.00012898399308645798,752,20
1136,7752,0.00012898399308645798,752,20
1137,7752,0.00012898399308645798,752,20
1138,7752,0.00012898399308645798,752,20
1139,7752,0.00012898399308645798,752,20
1140,7752,0.00012898399308645798,752,20
1141,7752,0.00012898399308645798,752,20
1142,7752,0.00012898399308645798,752,20
1143,7752,0.00012898399308645798,753,20
1144,7752,0.00012898399308645798,753,20
1145,7752,0.00012898399308645798,753,20
1146,7752,0.00012898399308645798,753,20
1147,7752,0.00012898399308645798,753,20
1148,7752,0.00012898399308645798,753,20
1149,7752,0.00012898399308645798,753,20
1150,7752,0.00012898399308645798,753,20
1151,7752,0.00012898399308645798,753,20
1152,7752,0.00012898399308645798,753,20
1153,7752,0.00012898399308645798,754,20
1154,7752,0.00012898399308645798,754,20
1155,7752,0.00012898399308645798,754,20
1156,7752,0.00012898399308645798,754,20
1157,7752,0.00012898399308645798,754,20
1158,7752,0.00012898399308645798,754,20
1159,7752,0.00012898399308645798,754,20
1160,7752,0.00012898399308645798,754,20
1161,7752,0.00012898399308645798,754,20
1162,7752,0.00012898399308645798,755,20
1163,7752,0.00012898399308645798,755,20
1164,7752,0.00012898399308645798,755,20
1165,7752,0.00012898399308645798,755,20
1166,7752,0.00012898399308645798,755,20
1167,7752,0.00012898399308645798,756,20
1168,7752,0.00012898399308645798,756,20
1169,7752,0.00012898399308645798,757,20
1170,7752,0.00012898399308645798,757,20
1171,7752,0.00012898399308645798,757,20
1172,7752,0.00012898399308645798,757,20
1173,7752,0.00012898399308645798,757,20
1174,7752,0.00012898399308645798,757,20
1175,7752,0.00012898399308645798,757,20
1176,7752,0.00012898399308645798,757,20
1177,7752,0.00012898399308645798,757,20
1178,7752,0.00012898399308645798,757,20
1179,7752,0.00012898399308645798,757,20
1180,7752,0.00012898399308645798,757,20
1181,7752,0.00012898399308645798,757,20
1182,7752,0.00012898399308645798,757,20
1183,7752,0.00012898399308645798,757,20
1184,7752,0.00012898399308645798,757,20
1185,7752,0.00012898399308645798,757,20
1186,7752,0.00012898399308645798,757,20
1187,7752,0.00012898399308645798,757,20
1188,7752,0.00012898399308645798,757,20
1189,7752,0.00012898399308645798,757,20
1190,7752,0.00012898399308645798,758,20
1191,7752,0.00012898399308645798,758,20
1192,7752,0.00012898399308645798,758,20
1193,7752,0.00012898399308645798,758,20
1194,7752,0.00012898399308645798,758,20
1195,7752,0.00012898399308645798,759,20
1196,7752,0.00012898399308645798,759,20
1197,7752,0.00012898399308645798,759,20
1198,7752,0.00012898399308645798,759,20
1199,7752,0.00012898399308645798,759,20
1200,7752,0.00012898399308645798,759,20
1201,7752,0.00012898399308645798,759,20
1202,7752,0.00012898399308645798,759,20
1203,7752,0.00012898399308645798,759,20
1204,7752,0.00012898399308645798,759,20
1205,7752,0.00012898399308645798,759,20
1206,7752,0.00012898399308645798,759,20
1207,7752,0.00012898399308645798,759,20
1208,7752,0.00012898399308645798,759,20
1209,7752,0.00012898399308645798,759,20
1210,7752,0.00012898399308645798,759,20
1211,7752,0.00012898399308645798,759,20
1212,7752,0.00012898399308645798,759,20
1213,7752,0.00012898399308645798,759,20
1214,7752,0.00012898399308645798,760,20
1215,7752,0.00012898399308645798,760,20
1216,7752,0.00012898399308645798,760,20
1217,7752,0.00012898399308645798,760,20
1218,7752,0.00012898399308645798,760,20
1219,7752,0.00012898399308645798,760,20
1220,7752,0.00012898399308645798,760,20
1221,7752,0.00012898399308645798,760,20
1222,7752,0.00012898399308645798,760,20
1223,7752,0.00012898399308645798,760,20
1224,7752,0.00012898399308645798,760,20
1225,7752,0.00012898399308645798,760,20
1226,7752,0.00012898399308645798,760,20
1227,7752,0.00012898399308645798,760,20
1228,7752,0.00012898399308645798,760,20
1229,7752,0.00012898399308645798,760,20
1230,7752,0.00012898399308645798,760,20
1231,7752,0.00012898399308645798,760,20
1232,7752,0.00012898399308645798,760,20
1233,7752,0.00012898399308645798,760,20
1234,7752,0.00012898399308645798,760,20
1235,7752,0.00012898399308645798,760,20
1236,7752,0.00012898399308645798,760,20
1237,7752,0.00012898399308645798,760,20
1238,7752,0.00012898399308645798,760,20
1239,7752,0.00012898399308645798,760,20
1240,7752,0.00012898399308645798,760,20
1241,7752,0.00012898399308645798,760,20
1242,7752,0.00012898399308645798,760,20
1243,7752,0.00012898399308645798,760,20
1244,7752,0.00012898399308645798,760,20
1245,7752,0.00012898399308645798,760,20
1246,7752,0.00012898399308645798,760,20
1247,7752,0.00012898399308645798,760,20
1248,7752,0.00012898399308645798,760,20
1249,7752,0.00012898399308645798,760,20
1250,7752,0.00012898399308645798,760,20
1251,7752,0.00012898399308645798,761,20
1252,7752,0.00012898399308645798,761,20
1253,7752,0.00012898399308645798,761,20
1254,7752,0.00012898399308645798,761,20
1255,7752,0.00012898399308645798,761,20
1256,7752,0.00012898399308645798,761,20
1257,7752,0.00012898399308645798,761,20
1258,7752,0.00012898399308645798,761,20
1259,7752,0.00012898399308645798,761,20
1260,7752,0.00012898399308645798,761,20
1261,7752,0.00012898399308645798,761,20
1262,7752,0.00012898399308645798,761,20
1263,7752,0.00012898399308645798,761,20
1264,7752,0.00012898399308645798,761,20
1265,7752,0.00012898399308645798,761,20
1266,7752,0.00012898399308645798,761,20
1267,7752,0.00012898399308645798,761,20
1268,7752,0.00012898399308645798,761,20
1269,7752,0.00012898399308645798,761,20
1270,7752,0.00012898399308645798,761,20
1271,7752,0.00012898399308645798,761,20
1272,7752,0.00012898399308645798,762,20
1273,7752,0.00012898399308645798,762,20
1274,7752,0.00012898399308645798,762,20
1275,7752,0.00012898399308645798,762,20
1276,7752,0.00012898399308645798,762,20
1277,7752,0.00012898399308645798,762,20
1278,7752,0.00012898399308645798,762,20
1279,7752,0.00012898399308645798,762,20
1280,7752,0.00012898399308645798,762,20
1281,7752,0.00012898399308645798,762,20
1282,7752,0.00012898399308645798,762,20
1283,7752,0.00012898399308645798,762,20
1284,7752,0.00012898399308645798,762,20
1285,7752,0.00012898399308645798,762,20
1286,7752,0.00012898399308645798,762,20
1287,7752,0.00012898399308645798,762,20
1288,7752,0.00012898399308645798,762,20
1289,7752,0.00012898399308645798,762,20
1290,7752,0.00012898399308645798,762,20
1291,7752,0.00012898399308645798,762,20
1292,7752,0.00012898399308645798,763,20
1293,7752,0.00012898399308645798,763,20
1294,7752,0.00012898399308645798,763,20
1295,7752,0.00012898399308645798,764,20
1296,7752,0.00012898399308645798,764,20
1297,7752,0.00012898399308645798,764,20
1298,7752,0.00012898399308645798,764,20
1299,7752,0.00012898399308645798,764,20
1300,7752,0.00012898399308645798,764,20
1301,7752,0.00012898399308645798,764,20
1302,7752,0.00012898399308645798,764,20
1303,7752,0.00012898399308645798,764,20
1304,7752,0.00012898399308645798,764,20
1305,7752,0.00012898399308645798,764,20
1306,7752,0.00012898399308645798,764,20
1307,7752,0.00012898399308645798,765,20
1308,7752,0.00012898399308645798,765,20
1309,7752,0.00012898399308645798,765,20
1310,7752,0.00012898399308645798,765,20
1311,7752,0.00012898399308645798,765,20
1312,7752,0.00012898399308645798,765,20
1313,7752,0.00012898399308645798,765,20
1314,7752,0.00012898399308645798,765,20
1315,7752,0.00012898399308645798,765,20
1316,7752,0.00012898399308645798,765,20
1317,7752,0.00012898399308645798,765,20
1318,7752,0.00012898399308645798,765,20
1319,7752,0.00012898399308645798,765,20
1320,7752,0.00012898399308645798,765,20
1321,7752,0.00012898399308645798,765,20
1322,7752,0.00012898399308645798,765,20
1323,7752,0.00012898399308645798,765,20
1324,7752,0.00012898399308645798,765,20
1325,7752,0.00012898399308645798,765,20
1326,7752,0.00012898399308645798,765,20
1327,7752,0.00012898399308645798,765,20
1328,7752,0.00012898399308645798,765,20
1329,7752,0.00012898399308645798,765,20
1330,7752,0.00012898399308645798,766,20
1331,7752,0.00012898399308645798,766,20
1332,7752,0.00012898399308645798,766,20
1333,7752,0.00012898399308645798,767,20
1334,7752,0.00012898399308645798,767,20
1335,7752,0.00012898399308645798,767,20
1336,7752,0.00012898399308645798,767,20
1337,7752,0.00012898399308645798,768,20
1338,7752,0.00012898399308645798,768,20
1339,7752,0.00012898399308645798,769,20
1340,7752,0.00012898399308645798,769,20
1341,7752,0.00012898399308645798,769,20
1342,7752,0.00012898399308645798,770,20
1343,7752,0.00012898399308645798,770,20
1344,7752,0.00012898399308645798,770,20
1345,7752,0.00012898399308645798,771,20
1346,7752,0.00012898399308645798,771,20
1347,7752,0.00012898399308645798,771,20
1348,7752,0.00012898399308645798,771,20
1349,7752,0.00012898399308645798,771,20
1350,7752,0.00012898399308645798,771,20
1351,7752,0.00012898399308645798,771,20
1352,7752,0.00012898399308645798,771,20
1353,7752,0.00012898399308645798,771,20
1354,7752,0.00012898399308645798,771,20
1355,7752,0.00012898399308645798,771,20
1356,7752,0.00012898399308645798,771,20
1357,7752,0.00012898399308645798,771,20
1358,7752,0.00012898399308645798,771,20
1359,7752,0.00012898399308645798,771,20
1360,7752,0.00012898399308645798,771,20
1361,7752,0.00012898399308645798,771,20
1362,7752,0.00012898399308645798,771,20
1363,7752,0.00012898399308645798,771,20
1364,7752,0.00012898399308645798,772,20
1365,7752,0.00012898399308645798,772,20
1366,7752,0.00012898399308645798,772,20
1367,7752,0.00012898399308645798,772,20
1368,7752,0.00012898399308645798,772,20
1369,7752,0.00012898399308645798,772,20
1370,7752,0.00012898399308645798,772,20
1371,7752,0.00012898399308645798,772,20
1372,7752,0.00012898399308645798,772,20
1373,7752,0.00012898399308645798,772,20
1374,7752,0.00012898399308645798,772,20
1375,7752,0.00012898399308645798,772,20
1376,7752,0.00012898399308645798,772,20
1377,7752,0.00012898399308645798,772,20
1378,7752,0.00012898399308645798,772,20
1379,7752,0.00012898399308645798,772,20
1380,7752,0.00012898399308645798,772,20
1381,7752,0.00012898399308645798,772,20
1382,7752,0.00012898399308645798,772,20
1383,7752,0.00012898399308645798,772,20
1384,7752,0.00012898399308645798,772,20
1385,7752,0.00012898399308645798,772,20
1386,7752,0.00012898399308645798,772,20
1387,7752,0.00012898399308645798,772,20
1388,7752,0.00012898399308645798,772,20
1389,7752,0.00012898399308645798,773,20
1390,7752,0.00012898399308645798,773,20
1391,7752,0.00012898399308645798,773,20
1392,7752,0.00012898399308645798,773,20
1393,7752,0.00012898399308645798,773,20
1394,7752,0.00012898399308645798,773,20
1395,7752,0.00012898399308645798,773,20
1396,7752,0.00012898399308645798,773,20
1397,7752,0.00012898399308645798,773,20
1398,7752,0.00012898399308645798,773,20
1399,7752,0.00012898399308645798,774,20
1400,7752,0.00012898399308645798,774,20
1401,7752,0.00012898399308645798,775,20
1402,7752,0.00012898399308645798,775,20
1403,7752,0.00012898399308645798,775,20
1404,7752,0.00012898399308645798,775,20
1405,7752,0.00012898399308645798,775,20
1406,7752,0.00012898399308645798,775,20
1407,7752,0.00012898399308645798,775,20
1408,7752,0.00012898399308645798,775,20
1409,7752,0.00012898399308645798,775,20
1410,7752,0.00012898399308645798,775,20
1411,7752,0.00012898399308645798,775,20
1412,7752,0.00012898399308645798,775,20
1413,7752,0.00012898399308645798,775,20
1414,7752,0.00012898399308645798,775,20
1415,7752,0.00012898399308645798,775,20
1416,7752,0.00012898399308645798,775,20
1417,7752,0.00012898399308645798,776,20
1418,7752,0.00012898399308645798,776,20
1419,7752,0.00012898399308645798,776,20
1420,7752,0.00012898399308645798,776,20
1421,7752,0.00012898399308645798,776,20
1422,7752,0.00012898399308645798,776,20
1423,7752,0.00012898399308645798,776,20
1424,7752,0.00012898399308645798,776,20
1425,7752,0.00012898399308645798,776,20
1426,7752,0.00012898399308645798,776,20
1427,7752,0.00012898399308645798,776,20
1428,7752,0.00012898399308645798,776,20
1429,7752,0.00012898399308645798,776,20
1430,7752,0.00012898399308645798,776,20
1431,7752,0.00012898399308645798,776,20
1432,7752,0.00012898399308645798,776,20
1433,7752,0.00012898399308645798,776,20
1434,7752,0.00012898399308645798,776,20
1435,7752,0.00012898399308645798,776,20
1436,7752,0.00012898399308645798,776,20
1437,7752,0.00012898399308645798,776,20
1438,7752,0.00012898399308645798,777,20
1439,7752,0.00012898399308645798,777,20
1440,7752,0.00012898399308645798,777,20
1441,7752,0.00012898399308645798,777,20
1442,7752,0.00012898399308645798,777,20
1443,7752,0.00012898399308645798,777,20
1444,7752,0.00012898399308645798,777,20
1445,7752,0.00012898399308645798,777,20
1446,7752,0.00012898399308645798,777,20
1447,7752,0.00012898399308645798,777,20
1448,7752,0.00012898399308645798,777,20
1449,7752,0.00012898399308645798,777,20
1450,7752,0.00012898399308645798,777,20
1451,7752,0.00012898399308645798,777,20
1452,7752,0.00012898399308645798,777,20
1453,7752,0.00012898399308645798,777,20
1454,7752,0.00012898399308645798,777,20
1455,7752,0.00012898399308645798,777,20
1456,7752,0.00012898399308645798,777,20
1457,7752,0.00012898399308645798,777,20
1458,7752,0.00012898399308645798,777,20
1459,7752,0.00012898399308645798,777,20
1460,7752,0.00012898399308645798,777,20
1461,7752,0.00012898399308645798,777,20
1462,7752,0.00012898399308645798,777,20
1463,7752,0.00012898399308645798,777,20
1464,7752,0.00012898399308645798,777,20
1465,7752,0.00012898399308645798,777,20
1466,7752,0.00012898399308645798,778,20
1467,7752,0.00012898399308645798,778,20
1468,7752,0.00012898399308645798,779,20
1469,7752,0.00012898399308645798,779,20
1470,7752,0.00012898399308645798,779,20
1471,7752,0.00012898399308645798,779,20
1472,7752,0.00012898399308645798,779,20
1473,7752,0.00012898399308645798,779,20
1474,7752,0.00012898399308645798,779,20
1475,7752,0.00012898399308645798,780,20
1476,7752,0.00012898399308645798,780,20
1477,7752,0.00012898399308645798,780,20
1478,7752,0.00012898399308645798,780,20
1479,7752,0.00012898399308645798,780,20
1480,7752,0.00012898399308645798,780,20
1481,7752,0.00012898399308645798,780,20
1482,7752,0.00012898399308645798,780,20
1483,7752,0.00012898399308645798,780,20
1484,7752,0.00012898399308645798,780,20
1485,7752,0.00012898399308645798,780,20
1486,7752,0.00012898399308645798,780,20
1487,7752,0.00012898399308645798,780,20
1488,7752,0.00012898399308645798,780,20
1489,7752,0.00012898399308645798,780,20
1490,7752,0.00012898399308645798,780,20
1491,7752,0.00012898399308645798,780,20
1492,7752,0.00012898399308645798,780,20
1493,7752,0.00012898399308645798,780,20
1494,7752,0.00012898399308645798,780,20
1495,7752,0.00012898399308645798,780,20
1496,7752,0.00012898399308645798,780,20
1497,7752,0.00012898399308645798,780,20
1498,7752,0.00012898399308645798,780,20
1499,7752,0.00012898399308645798,780,20
1500,7752,0.00012898399308645798,780,20
1501,7752,0.00012898399308645798,780,20
1502,7752,0.00012898399308645798,780,20
1503,7752,0.00012898399308645798,780,20
1504,7752,0.00012898399308645798,780,20
1505,7752,0.00012898399308645798,780,20
1506,7752,0.00012898399308645798,780,20
1507,7752,0.00012898399308645798,780,20
1508,7752,0.00012898399308645798,780,20
1509,7752,0.00012898399308645798,780,20
1510,7752,0.00012898399308645798,780,20
1511,7752,0.00012898399308645798,780,20
1512,7752,0.00012898399308645798,780,20
1513,7752,0.00012898399308645798,780,20
1514,7752,0.00012898399308645798,780,20
1515,7752,0.00012898399308645798,782,20
1516,7752,0.00012898399308645798,782,20
1517,7752,0.00012898399308645798,782,20
1518,7752,0.00012898399308645798,782,20
1519,7752,0.00012898399308645798,782,20
1520,7752,0.00012898399308645798,782,20
1521,7752,0.00012898399308645798,782,20
1522,7752,0.00012898399308645798,782,20
1523,7752,0.00012898399308645798,782,20
1524,7752,0.00012898399308645798,782,20
1525,7752,0.00012898399308645798,782,20
1526,7752,0.00012898399308645798,782,20
1527,7752,0.00012898399308645798,782,20
1528,7752,0.00012898399308645798,782,20
1529,7752,0.00012898399308645798,782,20
1530,7752,0.00012898399308645798,782,20
1531,7752,0.00012898399308645798,782,20
1532,7752,0.00012898399308645798,782,20
1533,7752,0.00012898399308645798,782,20
1534,7752,0.00012898399308645798,782,20
1535,7752,0.00012898399308645798,782,20
1536,7752,0.00012898399308645798,783,20
1537,7752,0.00012898399308645798,783,20
1538,7752,0.00012898399308645798,783,20
1539,7752,0.00012898399308645798,783,20
1540,7752,0.00012898399308645798,783,20
1541,7752,0.00012898399308645798,783,20
1542,7752,0.00012898399308645798,783,20
1543,7752,0.00012898399308645798,783,20
1544,7752,0.00012898399308645798,783,20
1545,7752,0.00012898399308645798,783,20
1546,7752,0.00012898399308645798,783,20
1547,7752,0.00012898399308645798,783,20
1548,7752,0.00012898399308645798,783,20
1549,7752,0.00012898399308645798,783,20
1550,7752,0.00012898399308645798,783,20
1551,7752,0.00012898399308645798,783,20
1552,7752,0.00012898399308645798,783,20
1553,7752,0.00012898399308645798,783,20
1554,7752,0.00012898399308645798,783,20
1555,7752,0.00012898399308645798,783,20
1556,7752,0.00012898399308645798,783,20
1557,7752,0.00012898399308645798,783,20
1558,7752,0.00012898399308645798,783,20
1559,7752,0.00012898399308645798,784,20
1560,7752,0.00012898399308645798,784,20
1561,7752,0.00012898399308645798,784,20
1562,7752,0.00012898399308645798,784,20
1563,7752,0.00012898399308645798,784,20
1564,7752,0.00012898399308645798,784,20
1565,7752,0.00012898399308645798,785,20
1566,7752,0.00012898399308645798,785,20
1567,7752,0.00012898399308645798,785,20
1568,7752,0.00012898399308645798,785,20
1569,7752,0.00012898399308645798,785,20
1570,7752,0.00012898399308645798,786,20
1571,7752,0.00012898399308645798,786,20
1572,7752,0.00012898399308645798,787,20
1573,7752,0.00012898399308645798,787,20
1574,7752,0.00012898399308645798,787,20
1575,7752,0.00012898399308645798,787,20
1576,7752,0.00012898399308645798,787,20
1577,7752,0.00012898399308645798,787,20
1578,7752,0.00012898399308645798,788,20
1579,7752,0.00012898399308645798,788,20
1580,7752,0.00012898399308645798,789,20
1581,7752,0.00012898399308645798,789,20
1582,7752,0.00012898399308645798,789,20
1583,7752,0.00012898399308645798,789,20
1584,7752,0.00012898399308645798,789,20
1585,7752,0.00012898399308645798,790,20
1586,7752,0.00012898399308645798,790,20
1587,7752,0.00012898399308645798,790,20
1588,7752,0.00012898399308645798,790,20
1589,7752,0.00012898399308645798,790,20
1590,7752,0.00012898399308645798,790,20
1591,7752,0.00012898399308645798,790,20
1592,7752,0.00012898399308645798,790,20
1593,7752,0.00012898399308645798,790,20
1594,7752,0.00012898399308645798,790,20
1595,7752,0.00012898399308645798,790,20
1596,7752,0.00012898399308645798,790,20
1597,7752,0.00012898399308645798,791,20
1598,7752,0.00012898399308645798,792,20
1599,7752,0.00012898399308645798,792,20
1600,7752,0.00012898399308645798,792,20
1601,7752,0.00012898399308645798,792,20
1602,7752,0.00012898399308645798,792,20
1603,7752,0.00012898399308645798,792,20
1604,7752,0.00012898399308645798,792,20
1605,7752,0.00012898399308645798,792,20
1606,7752,0.00012898399308645798,792,20
1607,7752,0.00012898399308645798,792,20
1608,7752,0.00012898399308645798,792,20
1609,7752,0.00012898399308645798,792,20
1610,7752,0.00012898399308645798,792,20
1611,7752,0.00012898399308645798,792,20
1612,7752,0.00012898399308645798,792,20
1613,7752,0.00012898399308645798,792,20
1614,7752,0.00012898399308645798,792,20
1615,7752,0.00012898399308645798,793,20
1616,7752,0.00012898399308645798,793,20
1617,7752,0.00012898399308645798,793,20
1618,7752,0.00012898399308645798,795,20
1619,7752,0.00012898399308645798,795,20
1620,7752,0.00012898399308645798,795,20
1621,7752,0.00012898399308645798,795,20
1622,7752,0.00012898399308645798,795,20
1623,7752,0.00012898399308645798,795,20
1624,7752,0.00012898399308645798,795,20
1625,7752,0.00012898399308645798,795,20
1626,7752,0.00012898399308645798,795,20
1627,7752,0.00012898399308645798,795,20
1628,7752,0.00012898399308645798,795,20
1629,7752,0.00012898399308645798,795,20
1630,7752,0.00012898399308645798,795,20
1631,7752,0.00012898399308645798,795,20
1632,7752,0.00012898399308645798,795,20
1633,7752,0.00012898399308645798,795,20
1634,7752,0.00012898399308645798,795,20
1635,7752,0.00012898399308645798,795,20
1636,7752,0.00012898399308645798,795,20
1637,7752,0.00012898399308645798,795,20
1638,7752,0.00012898399308645798,795,20
1639,7752,0.00012898399308645798,795,20
1640,7752,0.00012898399308645798,795,20
1641,7752,0.00012898399308645798,795,20
1642,7752,0.00012898399308645798,795,20
1643,7752,0.00012898399308645798,795,20
1644,7752,0.00012898399308645798,795,20
1645,7752,0.00012898399308645798,795,20
1646,7752,0.00012898399308645798,795,20
1647,7752,0.00012898399308645798,795,20
1648,7752,0.00012898399308645798,795,20
1649,7752,0.00012898399308645798,795,20
1650,7752,0.00012898399308645798,795,20
1651,7752,0.00012898399308645798,795,20
1652,7752,0.00012898399308645798,795,20
1653,7752,0.00012898399308645798,796,20
1654,7752,0.00012898399308645798,796,20
1655,7752,0.00012898399308645798,796,20
1656,7752,0.00012898399308645798,796,20
1657,7752,0.00012898399308645798,798,20
1658,7752,0.00012898399308645798,798,20
1659,7752,0.00012898399308645798,798,20
1660,7752,0.00012898399308645798,798,20
1661,7752,0.00012898399308645798,798,20
1662,7752,0.00012898399308645798,798,20
1663,7752,0.00012898399308645798,798,20
1664,7752,0.00012898399308645798,799,20
1665,7752,0.00012898399308645798,799,20
1666,7752,0.00012898399308645798,799,20
1667,7752,0.00012898399308645798,799,20
1668,7752,0.00012898399308645798,799,20
1669,7752,0.00012898399308645798,799,20
1670,7752,0.00012898399308645798,799,20
1671,7752,0.00012898399308645798,799,20
1672,7752,0.00012898399308645798,799,20
1673,7752,0.00012898399308645798,799,20
1674,7752,0.00012898399308645798,799,20
1675,7752,0.00012898399308645798,799,20
1676,7752,0.00012898399308645798,799,20
1677,7752,0.00012898399308645798,800,20
1678,7752,0.00012898399308645798,800,20
1679,7752,0.00012898399308645798,800,20
1680,7752,0.00012898399308645798,800,20
1681,7752,0.00012898399308645798,800,20
1682,7752,0.00012898399308645798,800,20
1683,7752,0.00012898399308645798,800,20
1684,7752,0.00012898399308645798,800,20
1685,7752,0.00012898399308645798,800,20
1686,7752,0.00012898399308645798,800,20
1687,7752,0.00012898399308645798,800,20
1688,7752,0.00012898399308645798,800,20
1689,7752,0.00012898399308645798,800,20
1690,7752,0.00012898399308645798,800,20
1691,7752,0.00012898399308645798,800,20
1692,7752,0.00012898399308645798,800,20
1693,7752,0.00012898399308645798,800,20
1694,7752,0.00012898399308645798,800,20
1695,7752,0.00012898399308645798,800,20
1696,7752,0.00012898399308645798,800,20
1697,7752,0.00012898399308645798,800,20
1698,7752,0.00012898399308645798,800,20
1699,7752,0.00012898399308645798,800,20
1700,7752,0.00012898399308645798,800,20
1701,7752,0.00012898399308645798,800,20
1702,7752,0.00012898399308645798,800,20
1703,7752,0.00012898399308645798,800,20
1704,7752,0.00012898399308645798,800,20
1705,7752,0.00012898399308645798,800,20
1706,7752,0.00012898399308645798,800,20
1707,7752,0.00012898399308645798,800,20
1708,7752,0.00012898399308645798,800,20
1709,7752,0.00012898399308645798,800,20
1710,7752,0.00012898399308645798,800,20
1711,7752,0.00012898399308645798,800,20
1712,7752,0.00012898399308645798,800,20
1713,7752,0.00012898399308645798,800,20
1714,7752,0.00012898399308645798,800,20
1715,7752,0.00012898399308645798,800,20
1716,7752,0.00012898399308645798,800,20
1717,7752,0.00012898399308645798,801,20
1718,7752,0.00012898399308645798,801,20
1719,7752,0.00012898399308645798,801,20
1720,7752,0.00012898399308645798,801,20
1721,7752,0.00012898399308645798,801,20
1722,7752,0.00012898399308645798,801,20
1723,7752,0.00012898399308645798,801,20
1724,7752,0.00012898399308645798,801,20
1725,7752,0.00012898399308645798,801,20
1726,7752,0.00012898399308645798,801,20
1727,7752,0.00012898399308645798,801,20
1728,7752,0.00012898399308645798,801,20
1729,7752,0.00012898399308645798,801,20
1730,7752,0.00012898399308645798,801,20
1731,7752,0.00012898399308645798,801,20
1732,7752,0.00012898399308645798,801,20
1733,7752,0.00012898399308645798,801,20
1734,7752,0.00012898399308645798,801,20
1735,7752,0.00012898399308645798,801,20
1736,7752,0.00012898399308645798,801,20
1737,7752,0.00012898399308645798,801,20
1738,7752,0.00012898399308645798,801,20
1739,7752,0.00012898399308645798,801,20
1740,7752,0.00012898399308645798,801,20
1741,7752,0.00012898399308645798,801,20
1742,7752,0.00012898399308645798,801,20
1743,7752,0.00012898399308645798,801,20
1744,7752,0.00012898399308645798,801,20
1745,7752,0.00012898399308645798,801,20
1746,7752,0.00012898399308645798,801,20
1747,7752,0.00012898399308645798,801,20
1748,7752,0.00012898399308645798,801,20
1749,7752,0.00012898399308645798,801,20
1750,7752,0.00012898399308645798,801,20
1751,7752,0.00012898399308645798,801,20
1752,7752,0.00012898399308645798,801,20
1753,7752,0.00012898399308645798,801,20
1754,7752,0.00012898399308645798,801,20
1755,7752,0.00012898399308645798,801,20
1756,7752,0.00012898399308645798,801,20
1757,7752,0.00012898399308645798,801,20
1758,7752,0.00012898399308645798,801,20
1759,7752,0.00012898399308645798,801,20
1760,7752,0.00012898399308645798,801,20
1761,7752,0.00012898399308645798,801,20
1762,7752,0.00012898399308645798,801,20
1763,7752,0.00012898399308645798,801,20
1764,7752,0.00012898399308645798,802,20
1765,7752,0.00012898399308645798,802,20
1766,7752,0.00012898399308645798,802,20
1767,7752,0.00012898399308645798,802,20
1768,7752,0.00012898399308645798,802,20
1769,7752,0.00012898399308645798,802,20
1770,7752,0.00012898399308645798,802,20
1771,7752,0.00012898399308645798,802,20
1772,7752,0.00012898399308645798,802,20
1773,7752,0.00012898399308645798,802,20
1774,7752,0.00012898399308645798,802,20
1775,7752,0.00012898399308645798,802,20
1776,7752,0.00012898399308645798,802,20
1777,7752,0.00012898399308645798,802,20
1778,7752,0.00012898399308645798,802,20
1779,7752,0.00012898399308645798,802,20
1780,7752,0.00012898399308645798,802,20
1781,7752,0.00012898399308645798,802,20
1782,7752,0.00012898399308645798,802,20
1783,7752,0.00012898399308645798,802,20
1784,7752,0.00012898399308645798,802,20
1785,7752,0.00012898399308645798,802,20
1786,7752,0.00012898399308645798,802,20
1787,7752,0.00012898399308645798,802,20
1788,7752,0.00012898399308645798,802,20
1789,7752,0.00012898399308645798,802,20
1790,7752,0.00012898399308645798,802,20
1791,7752,0.00012898399308645798,802,20
1792,7752,0.00012898399308645798,802,20
1793,7752,0.00012898399308645798,802,20
1794,7752,0.00012898399308645798,802,20
1795,7752,0.00012898399308645798,802,20
1796,7752,0.00012898399308645798,802,20
1797,7752,0.00012898399308645798,802,20
1798,7752,0.00012898399308645798,802,20
1799,7752,0.00012898399308645798,802,20
1800,7752,0.00012898399308645798,803,20
1801,7752,0.00012898399308645798,803,20
1802,7752,0.00012898399308645798,803,20
1803,7752,0.00012898399308645798,803,20
1804,7752,0.00012898399308645798,803,20
1805,7752,0.00012898399308645798,803,20
1806,7752,0.00012898399308645798,803,20
1807,7752,0.00012898399308645798,803,20
1808,7752,0.00012898399308645798,803,20
1809,7752,0.00012898399308645798,803,20
1810,7752,0.00012898399308645798,803,20
1811,7752,0.00012898399308645798,803,20
1812,7752,0.00012898399308645798,803,20
1813,7752,0.00012898399308645798,803,20
1814,7752,0.00012898399308645798,803,20
1815,7752,0.00012898399308645798,803,20
1816,7752,0.00012898399308645798,803,20
1817,7752,0.00012898399308645798,803,20
1818,7752,0.00012898399308645798,803,20
1819,7752,0.00012898399308645798,803,20
1820,7752,0.00012898399308645798,803,20
1821,7752,0.00012898399308645798,803,20
1822,7752,0.00012898399308645798,803,20
1823,7752,0.00012898399308645798,803,20
1824,7752,0.00012898399308645798,803,20
1825,7752,0.00012898399308645798,803,20
1826,7752,0.00012898399308645798,803,20
1827,7752,0.00012898399308645798,803,20
1828,7752,0.00012898399308645798,803,20
1829,7752,0.00012898399308645798,803,20
1830,7752,0.00012898399308645798,803,20
1831,7752,0.00012898399308645798,803,20
1832,7752,0.00012898399308645798,803,20
1833,7752,0.00012898399308645798,803,20
1834,7752,0.00012898399308645798,803,20
1835,7752,0.00012898399308645798,803,20
1836,7752,0.00012898399308645798,803,20
1837,7752,0.00012898399308645798,803,20
1838,7752,0.00012898399308645798,803,20
1839,7752,0.00012898399308645798,803,20
1840,7752,0.00012898399308645798,803,20
1841,7752,0.00012898399308645798,803,20
1842,7752,0.00012898399308645798,803,20
1843,7752,0.00012898399308645798,803,20
1844,7752,0.00012898399308645798,803,20
1845,7752,0.00012898399308645798,803,20
1846,7752,0.00012898399308645798,803,20
1847,7752,0.00012898399308645798,804,20
1848,7752,0.00012898399308645798,804,20
1849,7752,0.00012898399308645798,804,20
1850,7752,0.00012898399308645798,804,20
1851,7752,0.00012898399308645798,804,20
1852,7752,0.00012898399308645798,804,20
1853,7752,0.00012898399308645798,804,20
1854,7752,0.00012898399308645798,804,20
1855,7752,0.00012898399308645798,804,20
1856,7752,0.00012898399308645798,804,20
1857,7752,0.00012898399308645798,804,20
1858,7752,0.00012898399308645798,804,20
1859,7752,0.00012898399308645798,804,20
1860,7752,0.00012898399308645798,805,20
1861,7752,0.00012898399308645798,805,20
1862,7752,0.00012898399308645798,806,20
1863,7752,0.00012898399308645798,806,20
1864,7752,0.00012898399308645798,806,20
1865,7752,0.00012898399308645798,807,20
1866,7752,0.00012898399308645798,807,20
1867,7752,0.00012898399308645798,807,20
1868,7752,0.00012898399308645798,807,20
1869,7752,0.00012898399308645798,807,20
1870,7752,0.00012898399308645798,807,20
1871,7752,0.00012898399308645798,807,20
1872,7752,0.00012898399308645798,807,20
1873,7752,0.00012898399308645798,807,20
1874,7752,0.00012898399308645798,807,20
1875,7752,0.00012898399308645798,807,20
1876,7752,0.00012898399308645798,807,20
1877,7752,0.00012898399308645798,807,20
1878,7752,0.00012898399308645798,807,20
1879,7752,0.00012898399308645798,807,20
1880,7752,0.00012898399308645798,807,20
1881,7752,0.00012898399308645798,808,20
1882,7752,0.00012898399308645798,808,20
1883,7752,0.00012898399308645798,808,20
1884,7752,0.00012898399308645798,808,20
1885,7752,0.00012898399308645798,808,20
1886,7752,0.00012898399308645798,808,20
1887,7752,0.00012898399308645798,808,20
1888,7752,0.00012898399308645798,808,20
1889,7752,0.00012898399308645798,808,20
1890,7752,0.00012898399308645798,808,20
1891,7752,0.00012898399308645798,808,20
1892,7752,0.00012898399308645798,808,20
1893,7752,0.00012898399308645798,808,20
1894,7752,0.00012898399308645798,808,20
1895,7752,0.00012898399308645798,808,20
1896,7752,0.00012898399308645798,808,20
1897,7752,0.00012898399308645798,808,20
1898,7752,0.00012898399308645798,808,20
1899,7752,0.00012898399308645798,808,20
1900,7752,0.00012898399308645798,808,20
1901,7752,0.00012898399308645798,808,20
1902,7752,0.00012898399308645798,808,20
1903,7752,0.00012898399308645798,808,20
1904,7752,0.00012898399308645798,808,20
1905,7752,0.00012898399308645798,808,20
1906,7752,0.00012898399308645798,808,20
1907,7752,0.00012898399308645798,808,20
1908,7752,0.00012898399308645798,808,20
1909,7752,0.00012898399308645798,808,20
1910,7752,0.00012898399308645798,809,20
1911,7752,0.00012898399308645798,809,20
1912,7752,0.00012898399308645798,809,20
1913,7752,0.00012898399308645798,809,20
1914,7752,0.00012898399308645798,809,20
1915,7752,0.00012898399308645798,810,20
1916,7752,0.00012898399308645798,810,20
1917,7752,0.00012898399308645798,810,20
1918,7752,0.00012898399308645798,810,20
1919,7752,0.00012898399308645798,810,20
1920,7752,0.00012898399308645798,810,20
1921,7752,0.00012898399308645798,810,20
1922,7752,0.00012898399308645798,810,20
1923,7752,0.00012898399308645798,810,20
1924,7752,0.00012898399308645798,810,20
1925,7752,0.00012898399308645798,810,20
1926,7752,0.00012898399308645798,810,20
1927,7752,0.00012898399308645798,810,20
1928,7752,0.00012898399308645798,810,20
1929,7752,0.00012898399308645798,810,20
1930,7752,0.00012898399308645798,810,20
1931,7752,0.00012898399308645798,810,20
1932,7752,0.00012898399308645798,810,20
1933,7752,0.00012898399308645798,810,20
1934,7752,0.00012898399308645798,810,20
1935,7752,0.00012898399308645798,810,20
1936,7752,0.00012898399308645798,810,20
1937,7752,0.00012898399308645798,810,20
1938,7752,0.00012898399308645798,810,20
1939,7752,0.00012898399308645798,810,20
1940,7752,0.00012898399308645798,810,20
1941,7752,0.00012898399308645798,810,20
1942,7752,0.00012898399308645798,810,20
1943,7752,0.00012898399308645798,810,20
1944,7752,0.00012898399308645798,810,20
1945,7752,0.00012898399308645798,810,20
1946,7752,0.00012898399308645798,810,20
1947,7752,0.00012898399308645798,810,20
1948,7752,0.00012898399308645798,810,20
1949,7752,0.00012898399308645798,810,20
1950,7752,0.00012898399308645798,810,20
1951,7752,0.00012898399308645798,810,20
1952,7752,0.00012898399308645798,810,20
1953,7752,0.00012898399308645798,810,20
1954,7752,0.00012898399308645798,810,20
1955,7752,0.00012898399308645798,810,20
1956,7752,0.00012898399308645798,810,20
1957,7752,0.00012898399308645798,810,20
1958,7752,0.00012898399308645798,810,20
1959,7752,0.00012898399308645798,810,20
1960,7752,0.00012898399308645798,810,20
1961,7752,0.00012898399308645798,810,20
1962,7752,0.00012898399308645798,811,20
1963,7752,0.00012898399308645798,811,20
1964,7752,0.00012898399308645798,811,20
1965,7752,0.00012898399308645798,811,20
1966,7752,0.00012898399308645798,811,20
1967,7752,0.00012898399308645798,812,20
1968,7752,0.00012898399308645798,812,20
1969,7752,0.00012898399308645798,812,20
1970,7752,0.00012898399308645798,812,20
1971,7752,0.00012898399308645798,813,20
1972,7752,0.00012898399308645798,813,20
1973,7752,0.00012898399308645798,813,20
1974,7752,0.00012898399308645798,813,20
1975,7752,0.00012898399308645798,813,20
1976,7752,0.00012898399308645798,813,20
1977,7752,0.00012898399308645798,813,20
1978,7752,0.00012898399308645798,813,20
1979,7752,0.00012898399308645798,813,20
1980,7752,0.00012898399308645798,813,20
1981,7752,0.00012898399308645798,813,20
1982,7752,0.00012898399308645798,813,20
1983,7752,0.00012898399308645798,813,20
1984,7752,0.00012898399308645798,813,20
1985,7752,0.00012898399308645798,813,20
1986,7752,0.00012898399308645798,813,20
1987,7752,0.00012898399308645798,813,20
1988,7752,0.00012898399308645798,813,20
1989,7752,0.00012898399308645798,813,20
1990,7752,0.00012898399308645798,813,20
1991,7752,0.00012898399308645798,813,20
1992,7752,0.00012898399308645798,813,20
1993,7752,0.00012898399308645798,814,20
1994,7752,0.00012898399308645798,814,20
1995,7752,0.00012898399308645798,814,20
1996,7752,0.00012898399308645798,814,20
1997,7752,0.00012898399308645798,814,20
1998,7752,0.00012898399308645798,814,20
1999,7752,0.00012898399308645798,814,20
