iteration,best_cost,current_best,path_length
0,8861.0,8861.0,20
1,8662.0,8662.0,20
2,8486.0,8486.0,20
3,8486.0,8963.0,20
4,8486.0,8888.0,20
5,8486.0,8681.0,20
6,8486.0,9373.0,20
7,8486.0,8923.0,20
8,8486.0,9350.0,20
9,8486.0,9255.0,20
10,8486.0,9400.0,20
11,8486.0,9618.0,20
12,8486.0,9618.0,20
13,8486.0,9618.0,20
14,8486.0,9618.0,20
15,8486.0,9618.0,20
16,8486.0,9618.0,20
17,8486.0,9618.0,20
18,8486.0,9912.0,20
19,8486.0,9912.0,20
20,8486.0,9912.0,20
21,8486.0,9912.0,20
22,8486.0,9912.0,20
23,8486.0,9912.0,20
24,8486.0,9912.0,20
25,8486.0,9912.0,20
26,8486.0,9912.0,20
27,8486.0,9912.0,20
28,8486.0,9912.0,20
29,8486.0,9912.0,20
30,8486.0,9912.0,20
31,8486.0,9912.0,20
32,8486.0,9912.0,20
33,8486.0,9912.0,20
34,8486.0,9912.0,20
35,8486.0,9912.0,20
36,8486.0,9912.0,20
37,8486.0,9912.0,20
38,8486.0,9912.0,20
39,8486.0,9912.0,20
40,8486.0,9912.0,20
41,8486.0,9912.0,20
42,8486.0,9912.0,20
43,8486.0,9912.0,20
44,8486.0,9912.0,20
45,8486.0,9912.0,20
46,8486.0,9912.0,20
47,8486.0,9912.0,20
48,8486.0,9912.0,20
49,8486.0,9912.0,20
50,8486.0,9912.0,20
51,8486.0,9912.0,20
52,8486.0,9912.0,20
53,8486.0,9912.0,20
54,8486.0,9912.0,20
55,8486.0,9912.0,20
56,8486.0,9912.0,20
57,8486.0,9912.0,20
58,8486.0,9912.0,20
59,8486.0,9912.0,20
60,8486.0,9912.0,20
61,8486.0,9912.0,20
62,8486.0,9912.0,20
63,8486.0,9912.0,20
64,8486.0,9912.0,20
65,8486.0,9912.0,20
66,8486.0,9912.0,20
67,8486.0,9912.0,20
68,8486.0,9912.0,20
69,8486.0,9912.0,20
70,8486.0,9912.0,20
71,8486.0,9912.0,20
72,8486.0,9912.0,20
73,8486.0,9912.0,20
74,8486.0,9912.0,20
75,8486.0,9912.0,20
76,8486.0,9912.0,20
77,8486.0,9912.0,20
78,8486.0,9912.0,20
79,8486.0,9912.0,20
80,8486.0,9912.0,20
81,8486.0,9912.0,20
82,8486.0,9912.0,20
83,8486.0,9912.0,20
84,8486.0,9912.0,20
85,8486.0,9912.0,20
86,8486.0,9912.0,20
87,8486.0,9912.0,20
88,8486.0,9912.0,20
89,8486.0,9912.0,20
90,8486.0,9912.0,20
91,8486.0,9912.0,20
92,8486.0,9912.0,20
93,8486.0,9912.0,20
94,8486.0,9912.0,20
95,8486.0,9912.0,20
96,8486.0,9912.0,20
97,8486.0,9912.0,20
98,8486.0,9912.0,20
99,8486.0,9912.0,20
100,8486.0,9912.0,20
101,8486.0,9912.0,20
102,8486.0,9912.0,20
103,8486.0,9912.0,20
104,8486.0,9912.0,20
105,8486.0,9912.0,20
106,8486.0,9912.0,20
107,8486.0,9912.0,20
108,8486.0,9912.0,20
109,8486.0,9912.0,20
110,8486.0,9912.0,20
111,8486.0,9912.0,20
112,8486.0,9912.0,20
113,8486.0,9912.0,20
114,8486.0,9912.0,20
115,8486.0,9912.0,20
116,8486.0,9912.0,20
117,8486.0,9912.0,20
118,8486.0,9912.0,20
119,8486.0,9912.0,20
120,8486.0,9912.0,20
121,8486.0,9912.0,20
122,8486.0,9912.0,20
123,8486.0,9912.0,20
124,8486.0,9912.0,20
125,8486.0,9912.0,20
126,8486.0,9912.0,20
127,8486.0,9912.0,20
128,8486.0,9912.0,20
129,8486.0,9912.0,20
130,8486.0,9912.0,20
131,8486.0,9912.0,20
132,8486.0,9912.0,20
133,8486.0,9912.0,20
134,8486.0,9912.0,20
135,8486.0,9912.0,20
136,8486.0,9912.0,20
137,8486.0,9912.0,20
138,8486.0,9912.0,20
139,8486.0,9912.0,20
140,8486.0,9912.0,20
141,8486.0,9912.0,20
142,8486.0,9912.0,20
143,8486.0,9912.0,20
144,8486.0,9912.0,20
145,8486.0,9912.0,20
146,8486.0,9912.0,20
147,8486.0,9912.0,20
148,8486.0,9912.0,20
149,8486.0,9912.0,20
150,8486.0,9912.0,20
151,8486.0,9912.0,20
152,8486.0,9912.0,20
153,8486.0,9912.0,20
154,8486.0,9912.0,20
155,8486.0,9912.0,20
156,8486.0,9912.0,20
157,8486.0,9912.0,20
158,8486.0,9912.0,20
159,8486.0,9912.0,20
160,8486.0,9912.0,20
161,8486.0,9912.0,20
162,8486.0,9912.0,20
163,8486.0,9912.0,20
164,8486.0,9912.0,20
165,8486.0,9912.0,20
166,8486.0,9912.0,20
167,8486.0,9912.0,20
168,8486.0,9912.0,20
169,8486.0,9912.0,20
170,8486.0,9912.0,20
171,8486.0,9912.0,20
172,8486.0,9912.0,20
173,8486.0,9912.0,20
174,8486.0,9912.0,20
175,8486.0,9912.0,20
176,8486.0,9912.0,20
177,8486.0,9912.0,20
178,8486.0,9912.0,20
179,8486.0,9912.0,20
180,8486.0,9912.0,20
181,8486.0,9912.0,20
182,8486.0,9912.0,20
183,8486.0,9912.0,20
184,8486.0,9912.0,20
185,8486.0,9912.0,20
186,8486.0,9912.0,20
187,8486.0,9912.0,20
188,8486.0,9912.0,20
189,8486.0,9912.0,20
190,8486.0,9912.0,20
191,8486.0,9912.0,20
192,8486.0,9912.0,20
193,8486.0,9912.0,20
194,8486.0,9912.0,20
195,8486.0,9912.0,20
196,8486.0,9912.0,20
197,8486.0,9912.0,20
198,8486.0,9912.0,20
199,8486.0,9912.0,20
200,8486.0,9912.0,20
201,8486.0,9912.0,20
202,8486.0,9912.0,20
203,8486.0,9912.0,20
204,8486.0,9912.0,20
205,8486.0,9912.0,20
206,8486.0,9912.0,20
207,8486.0,9912.0,20
208,8486.0,9912.0,20
209,8486.0,9912.0,20
210,8486.0,9912.0,20
211,8486.0,9912.0,20
212,8486.0,9912.0,20
213,8486.0,9912.0,20
214,8486.0,9912.0,20
215,8486.0,9912.0,20
216,8486.0,9912.0,20
217,8486.0,9912.0,20
218,8486.0,9912.0,20
219,8486.0,9912.0,20
220,8486.0,9912.0,20
221,8486.0,9912.0,20
222,8486.0,9912.0,20
223,8486.0,9912.0,20
224,8486.0,9912.0,20
225,8486.0,9912.0,20
226,8486.0,9912.0,20
227,8486.0,9912.0,20
228,8486.0,9912.0,20
229,8486.0,9912.0,20
230,8486.0,9912.0,20
231,8486.0,9912.0,20
232,8486.0,9912.0,20
233,8486.0,9912.0,20
234,8486.0,9912.0,20
235,8486.0,9912.0,20
236,8486.0,9912.0,20
237,8486.0,9912.0,20
238,8486.0,9912.0,20
239,8486.0,9912.0,20
240,8486.0,9912.0,20
241,8486.0,9912.0,20
242,8486.0,9912.0,20
243,8486.0,9912.0,20
244,8486.0,9912.0,20
245,8486.0,9912.0,20
246,8486.0,9912.0,20
247,8486.0,9912.0,20
248,8486.0,9912.0,20
249,8486.0,9912.0,20
250,8486.0,9912.0,20
251,8486.0,9912.0,20
252,8486.0,9912.0,20
253,8486.0,9912.0,20
254,8486.0,9912.0,20
255,8486.0,9912.0,20
256,8486.0,9912.0,20
257,8486.0,9912.0,20
258,8486.0,9912.0,20
259,8486.0,9912.0,20
260,8486.0,9912.0,20
261,8486.0,9912.0,20
262,8486.0,9912.0,20
263,8486.0,9912.0,20
264,8486.0,9912.0,20
265,8486.0,9912.0,20
266,8486.0,9912.0,20
267,8486.0,9912.0,20
268,8486.0,9912.0,20
269,8486.0,9912.0,20
270,8486.0,9912.0,20
271,8486.0,9912.0,20
272,8486.0,9912.0,20
273,8486.0,9912.0,20
274,8486.0,9912.0,20
275,8486.0,9912.0,20
276,8486.0,9912.0,20
277,8486.0,9912.0,20
278,8486.0,9912.0,20
279,8486.0,9912.0,20
280,8486.0,9912.0,20
281,8486.0,9912.0,20
282,8486.0,9912.0,20
283,8486.0,9912.0,20
284,8486.0,9912.0,20
285,8486.0,9912.0,20
286,8486.0,9912.0,20
287,8486.0,9912.0,20
288,8486.0,9912.0,20
289,8486.0,9912.0,20
290,8486.0,9912.0,20
291,8486.0,9912.0,20
292,8486.0,9912.0,20
293,8486.0,9912.0,20
294,8486.0,9912.0,20
295,8486.0,9912.0,20
296,8486.0,9912.0,20
297,8486.0,9912.0,20
298,8486.0,9912.0,20
299,8486.0,9912.0,20
300,8486.0,9912.0,20
301,8486.0,9912.0,20
302,8486.0,9912.0,20
303,8486.0,9912.0,20
304,8486.0,9912.0,20
305,8486.0,9912.0,20
306,8486.0,9912.0,20
307,8486.0,9912.0,20
308,8486.0,9912.0,20
309,8486.0,9912.0,20
310,8486.0,9912.0,20
311,8486.0,9912.0,20
312,8486.0,9912.0,20
313,8486.0,9912.0,20
314,8486.0,9912.0,20
315,8486.0,9912.0,20
316,8486.0,9912.0,20
317,8486.0,9912.0,20
318,8486.0,9912.0,20
319,8486.0,9912.0,20
320,8486.0,9912.0,20
321,8486.0,9912.0,20
322,8486.0,9912.0,20
323,8486.0,9912.0,20
324,8486.0,9912.0,20
325,8486.0,9912.0,20
326,8486.0,9912.0,20
327,8486.0,9912.0,20
328,8486.0,9912.0,20
329,8486.0,9912.0,20
330,8486.0,9912.0,20
331,8486.0,9912.0,20
332,8486.0,9912.0,20
333,8486.0,9912.0,20
334,8486.0,9912.0,20
335,8486.0,9912.0,20
336,8486.0,9912.0,20
337,8486.0,9912.0,20
338,8486.0,9912.0,20
339,8486.0,9912.0,20
340,8486.0,9912.0,20
341,8486.0,9912.0,20
342,8486.0,9912.0,20
343,8486.0,9912.0,20
344,8486.0,9912.0,20
345,8486.0,9912.0,20
346,8486.0,9912.0,20
347,8486.0,9912.0,20
348,8486.0,9912.0,20
349,8486.0,9912.0,20
350,8486.0,9912.0,20
351,8486.0,9912.0,20
352,8486.0,9912.0,20
353,8486.0,9912.0,20
354,8486.0,9912.0,20
355,8486.0,9912.0,20
356,8486.0,9912.0,20
357,8486.0,9912.0,20
358,8486.0,9912.0,20
359,8486.0,9912.0,20
360,8486.0,9912.0,20
361,8486.0,9912.0,20
362,8486.0,9912.0,20
363,8486.0,9912.0,20
364,8486.0,9912.0,20
365,8486.0,9912.0,20
366,8486.0,9912.0,20
367,8486.0,9912.0,20
368,8486.0,9912.0,20
369,8486.0,9912.0,20
370,8486.0,9912.0,20
371,8486.0,9912.0,20
372,8486.0,9912.0,20
373,8486.0,9912.0,20
374,8486.0,9912.0,20
375,8486.0,9912.0,20
376,8486.0,9912.0,20
377,8486.0,9912.0,20
378,8486.0,9912.0,20
379,8486.0,9912.0,20
380,8486.0,9912.0,20
381,8486.0,9912.0,20
382,8486.0,9912.0,20
383,8486.0,9912.0,20
384,8486.0,9912.0,20
385,8486.0,9912.0,20
386,8486.0,9912.0,20
387,8486.0,9912.0,20
388,8486.0,9912.0,20
389,8486.0,9912.0,20
390,8486.0,9912.0,20
391,8486.0,9912.0,20
392,8486.0,9912.0,20
393,8486.0,9912.0,20
394,8486.0,9912.0,20
395,8486.0,9912.0,20
396,8486.0,9912.0,20
397,8486.0,9912.0,20
398,8486.0,9912.0,20
399,8486.0,9912.0,20
400,8486.0,9912.0,20
401,8486.0,9912.0,20
402,8486.0,9912.0,20
403,8486.0,9912.0,20
404,8486.0,9912.0,20
405,8486.0,9912.0,20
406,8486.0,9912.0,20
407,8486.0,9912.0,20
408,8486.0,9912.0,20
409,8486.0,9912.0,20
410,8486.0,9912.0,20
411,8486.0,9912.0,20
412,8486.0,9912.0,20
413,8486.0,9912.0,20
414,8486.0,9912.0,20
415,8486.0,9912.0,20
416,8486.0,9912.0,20
417,8486.0,9912.0,20
418,8486.0,9912.0,20
419,8486.0,9912.0,20
420,8486.0,9912.0,20
421,8486.0,9912.0,20
422,8486.0,9912.0,20
423,8486.0,9912.0,20
424,8486.0,9912.0,20
425,8486.0,9912.0,20
426,8486.0,9912.0,20
427,8486.0,9912.0,20
428,8486.0,9912.0,20
429,8486.0,9912.0,20
430,8486.0,9912.0,20
431,8486.0,9912.0,20
432,8486.0,9912.0,20
433,8486.0,9912.0,20
434,8486.0,9912.0,20
435,8486.0,9912.0,20
436,8486.0,9912.0,20
437,8486.0,9912.0,20
438,8486.0,9912.0,20
439,8486.0,9912.0,20
440,8486.0,9912.0,20
441,8486.0,9912.0,20
442,8486.0,9912.0,20
443,8486.0,9912.0,20
444,8486.0,9912.0,20
445,8486.0,9912.0,20
446,8486.0,9912.0,20
447,8486.0,9912.0,20
448,8486.0,9912.0,20
449,8486.0,9912.0,20
450,8486.0,9912.0,20
451,8486.0,9912.0,20
452,8486.0,9912.0,20
453,8486.0,9912.0,20
454,8486.0,9912.0,20
455,8486.0,9912.0,20
456,8486.0,9912.0,20
457,8486.0,9912.0,20
458,8486.0,9912.0,20
459,8486.0,9912.0,20
460,8486.0,9912.0,20
461,8486.0,9912.0,20
462,8486.0,9912.0,20
463,8486.0,9912.0,20
464,8486.0,9912.0,20
465,8486.0,9912.0,20
466,8486.0,9912.0,20
467,8486.0,9912.0,20
468,8486.0,9912.0,20
469,8486.0,9912.0,20
470,8486.0,9912.0,20
471,8486.0,9912.0,20
472,8486.0,9912.0,20
473,8486.0,9912.0,20
474,8486.0,9912.0,20
475,8486.0,9912.0,20
476,8486.0,9912.0,20
477,8486.0,9912.0,20
478,8486.0,9912.0,20
479,8486.0,9912.0,20
480,8486.0,9912.0,20
481,8486.0,9912.0,20
482,8486.0,9912.0,20
483,8486.0,9912.0,20
484,8486.0,9912.0,20
485,8486.0,9912.0,20
486,8486.0,9912.0,20
487,8486.0,9912.0,20
488,8486.0,9912.0,20
489,8486.0,9912.0,20
490,8486.0,9912.0,20
491,8486.0,9912.0,20
492,8486.0,9912.0,20
493,8486.0,9912.0,20
494,8486.0,9912.0,20
495,8486.0,9912.0,20
496,8486.0,9912.0,20
497,8486.0,9912.0,20
498,8486.0,9912.0,20
499,8486.0,9912.0,20
500,8486.0,9912.0,20
501,8486.0,9912.0,20
502,8486.0,9912.0,20
503,8486.0,9912.0,20
504,8486.0,9912.0,20
505,8486.0,9912.0,20
506,8486.0,9912.0,20
507,8486.0,9912.0,20
508,8486.0,9912.0,20
509,8486.0,9912.0,20
510,8486.0,9912.0,20
511,8486.0,9912.0,20
512,8486.0,9912.0,20
513,8486.0,9912.0,20
514,8486.0,9912.0,20
515,8486.0,9912.0,20
516,8486.0,9912.0,20
517,8486.0,9912.0,20
518,8486.0,9912.0,20
519,8486.0,9912.0,20
520,8486.0,9912.0,20
521,8486.0,9912.0,20
522,8486.0,9912.0,20
523,8486.0,9912.0,20
524,8486.0,9912.0,20
525,8486.0,9912.0,20
526,8486.0,9912.0,20
527,8486.0,9912.0,20
528,8486.0,9912.0,20
529,8486.0,9912.0,20
530,8486.0,9912.0,20
531,8486.0,9912.0,20
532,8486.0,9912.0,20
533,8486.0,9912.0,20
534,8486.0,9912.0,20
535,8486.0,9912.0,20
536,8486.0,9912.0,20
537,8486.0,9912.0,20
538,8486.0,9912.0,20
539,8486.0,9912.0,20
540,8486.0,9912.0,20
541,8486.0,9912.0,20
542,8486.0,9912.0,20
543,8486.0,9912.0,20
544,8486.0,9912.0,20
545,8486.0,9912.0,20
546,8486.0,9912.0,20
547,8486.0,9912.0,20
548,8486.0,9912.0,20
549,8486.0,9912.0,20
550,8486.0,9912.0,20
551,8486.0,9912.0,20
552,8486.0,9912.0,20
553,8486.0,9912.0,20
554,8486.0,9912.0,20
555,8486.0,9912.0,20
556,8486.0,9912.0,20
557,8486.0,9912.0,20
558,8486.0,9912.0,20
559,8486.0,9912.0,20
560,8486.0,9912.0,20
561,8486.0,9912.0,20
562,8486.0,9912.0,20
563,8486.0,9912.0,20
564,8486.0,9912.0,20
565,8486.0,9912.0,20
566,8486.0,9912.0,20
567,8486.0,9912.0,20
568,8486.0,9912.0,20
569,8486.0,9912.0,20
570,8486.0,9912.0,20
571,8486.0,9912.0,20
572,8486.0,9912.0,20
573,8486.0,9912.0,20
574,8486.0,9912.0,20
575,8486.0,9912.0,20
576,8486.0,9912.0,20
577,8486.0,9912.0,20
578,8486.0,9912.0,20
579,8486.0,9912.0,20
580,8486.0,9912.0,20
581,8486.0,9912.0,20
582,8486.0,9912.0,20
583,8486.0,9912.0,20
584,8486.0,9912.0,20
585,8486.0,9912.0,20
586,8486.0,9912.0,20
587,8486.0,9912.0,20
588,8486.0,9912.0,20
589,8486.0,9912.0,20
590,8486.0,9912.0,20
591,8486.0,9912.0,20
592,8486.0,9912.0,20
593,8486.0,9912.0,20
594,8486.0,9912.0,20
595,8486.0,9912.0,20
596,8486.0,9912.0,20
597,8486.0,9912.0,20
598,8486.0,9912.0,20
599,8486.0,9912.0,20
600,8486.0,9912.0,20
601,8486.0,9912.0,20
602,8486.0,9912.0,20
603,8486.0,9912.0,20
604,8486.0,9912.0,20
605,8486.0,9912.0,20
606,8486.0,9912.0,20
607,8486.0,9912.0,20
608,8486.0,9912.0,20
609,8486.0,9912.0,20
610,8486.0,9912.0,20
611,8486.0,9912.0,20
612,8486.0,9912.0,20
613,8486.0,9912.0,20
614,8486.0,9912.0,20
615,8486.0,9912.0,20
616,8486.0,9912.0,20
617,8486.0,9912.0,20
618,8486.0,9912.0,20
619,8486.0,9912.0,20
620,8486.0,9912.0,20
621,8486.0,9912.0,20
622,8486.0,9912.0,20
623,8486.0,9912.0,20
624,8486.0,9912.0,20
625,8486.0,9912.0,20
626,8486.0,9912.0,20
627,8486.0,9912.0,20
628,8486.0,9912.0,20
629,8486.0,9912.0,20
630,8486.0,9912.0,20
631,8486.0,9912.0,20
632,8486.0,9912.0,20
633,8486.0,9912.0,20
634,8486.0,9912.0,20
635,8486.0,9912.0,20
636,8486.0,9912.0,20
637,8486.0,9912.0,20
638,8486.0,9912.0,20
639,8486.0,9912.0,20
640,8486.0,9912.0,20
641,8486.0,9912.0,20
642,8486.0,9912.0,20
643,8486.0,9912.0,20
644,8486.0,9912.0,20
645,8486.0,9912.0,20
646,8486.0,9912.0,20
647,8486.0,9912.0,20
648,8486.0,9912.0,20
649,8486.0,9912.0,20
650,8486.0,9912.0,20
651,8486.0,9912.0,20
652,8486.0,9912.0,20
653,8486.0,9912.0,20
654,8486.0,9912.0,20
655,8486.0,9912.0,20
656,8486.0,9912.0,20
657,8486.0,9912.0,20
658,8486.0,9912.0,20
659,8486.0,9912.0,20
660,8486.0,9912.0,20
661,8486.0,9912.0,20
662,8486.0,9912.0,20
663,8486.0,9912.0,20
664,8486.0,9912.0,20
665,8486.0,9912.0,20
666,8486.0,9912.0,20
667,8486.0,9912.0,20
668,8486.0,9912.0,20
669,8486.0,9912.0,20
670,8486.0,9912.0,20
671,8486.0,9912.0,20
672,8486.0,9912.0,20
673,8486.0,9912.0,20
674,8486.0,9912.0,20
675,8486.0,9912.0,20
676,8486.0,9912.0,20
677,8486.0,9912.0,20
678,8486.0,9912.0,20
679,8486.0,9912.0,20
680,8486.0,9912.0,20
681,8486.0,9912.0,20
682,8486.0,9912.0,20
683,8486.0,9912.0,20
684,8486.0,9912.0,20
685,8486.0,9912.0,20
686,8486.0,9912.0,20
687,8486.0,9912.0,20
688,8486.0,9912.0,20
689,8486.0,9912.0,20
690,8486.0,9912.0,20
691,8486.0,9912.0,20
692,8486.0,9912.0,20
693,8486.0,9912.0,20
694,8486.0,9912.0,20
695,8486.0,9912.0,20
696,8486.0,9912.0,20
697,8486.0,9912.0,20
698,8486.0,9912.0,20
699,8486.0,9912.0,20
700,8486.0,9912.0,20
701,8486.0,9912.0,20
702,8486.0,9912.0,20
703,8486.0,9912.0,20
704,8486.0,9912.0,20
705,8486.0,9912.0,20
706,8486.0,9912.0,20
707,8486.0,9912.0,20
708,8486.0,9912.0,20
709,8486.0,9912.0,20
710,8486.0,9912.0,20
711,8486.0,9912.0,20
712,8486.0,9912.0,20
713,8486.0,9912.0,20
714,8486.0,9912.0,20
715,8486.0,9912.0,20
716,8486.0,9912.0,20
717,8486.0,9912.0,20
718,8486.0,9912.0,20
719,8486.0,9912.0,20
720,8486.0,9912.0,20
721,8486.0,9912.0,20
722,8486.0,9912.0,20
723,8486.0,9912.0,20
724,8486.0,9912.0,20
725,8486.0,9912.0,20
726,8486.0,9912.0,20
727,8486.0,9912.0,20
728,8486.0,9912.0,20
729,8486.0,9912.0,20
730,8486.0,9912.0,20
731,8486.0,9912.0,20
732,8486.0,9912.0,20
733,8486.0,9912.0,20
734,8486.0,9912.0,20
735,8486.0,9912.0,20
736,8486.0,9912.0,20
737,8486.0,9912.0,20
738,8486.0,9912.0,20
739,8486.0,9912.0,20
740,8486.0,9912.0,20
741,8486.0,9912.0,20
742,8486.0,9912.0,20
743,8486.0,9912.0,20
744,8486.0,9912.0,20
745,8486.0,9912.0,20
746,8486.0,9912.0,20
747,8486.0,9912.0,20
748,8486.0,9912.0,20
749,8486.0,9912.0,20
750,8486.0,9912.0,20
751,8486.0,9912.0,20
752,8486.0,9912.0,20
753,8486.0,9912.0,20
754,8486.0,9912.0,20
755,8486.0,9912.0,20
756,8486.0,9912.0,20
757,8486.0,9912.0,20
758,8486.0,9912.0,20
759,8486.0,9912.0,20
760,8486.0,9912.0,20
761,8486.0,9912.0,20
762,8486.0,9912.0,20
763,8486.0,9912.0,20
764,8486.0,9912.0,20
765,8486.0,9912.0,20
766,8486.0,9912.0,20
767,8486.0,9912.0,20
768,8486.0,9912.0,20
769,8486.0,9912.0,20
770,8486.0,9912.0,20
771,8486.0,9912.0,20
772,8486.0,9912.0,20
773,8486.0,9912.0,20
774,8486.0,9912.0,20
775,8486.0,9912.0,20
776,8486.0,9912.0,20
777,8486.0,9912.0,20
778,8486.0,9912.0,20
779,8486.0,9912.0,20
780,8486.0,9912.0,20
781,8486.0,9912.0,20
782,8486.0,9912.0,20
783,8486.0,9912.0,20
784,8486.0,9912.0,20
785,8486.0,9912.0,20
786,8486.0,9912.0,20
787,8486.0,9912.0,20
788,8486.0,9912.0,20
789,8486.0,9912.0,20
790,8486.0,9912.0,20
791,8486.0,9912.0,20
792,8486.0,9912.0,20
793,8486.0,9912.0,20
794,8486.0,9912.0,20
795,8486.0,9912.0,20
796,8486.0,9912.0,20
797,8486.0,9912.0,20
798,8486.0,9912.0,20
799,8486.0,9912.0,20
800,8486.0,9912.0,20
801,8486.0,9912.0,20
802,8486.0,9912.0,20
803,8486.0,9912.0,20
804,8486.0,9912.0,20
805,8486.0,9912.0,20
806,8486.0,9912.0,20
807,8486.0,9912.0,20
808,8486.0,9912.0,20
809,8486.0,9912.0,20
810,8486.0,9912.0,20
811,8486.0,9912.0,20
812,8486.0,9912.0,20
813,8486.0,9912.0,20
814,8486.0,9912.0,20
815,8486.0,9912.0,20
816,8486.0,9912.0,20
817,8486.0,9912.0,20
818,8486.0,9912.0,20
819,8486.0,9912.0,20
820,8486.0,9912.0,20
821,8486.0,9912.0,20
822,8486.0,9912.0,20
823,8486.0,9912.0,20
824,8486.0,9912.0,20
825,8486.0,9912.0,20
826,8486.0,9912.0,20
827,8486.0,9912.0,20
828,8486.0,9912.0,20
829,8486.0,9912.0,20
830,8486.0,9912.0,20
831,8486.0,9912.0,20
832,8486.0,9912.0,20
833,8486.0,9912.0,20
834,8486.0,9912.0,20
835,8486.0,9912.0,20
836,8486.0,9912.0,20
837,8486.0,9912.0,20
838,8486.0,9912.0,20
839,8486.0,9912.0,20
840,8486.0,9912.0,20
841,8486.0,9912.0,20
842,8486.0,9912.0,20
843,8486.0,9912.0,20
844,8486.0,9912.0,20
845,8486.0,9912.0,20
846,8486.0,9912.0,20
847,8486.0,9912.0,20
848,8486.0,9912.0,20
849,8486.0,9912.0,20
850,8486.0,9912.0,20
851,8486.0,9912.0,20
852,8486.0,9912.0,20
853,8486.0,9912.0,20
854,8486.0,9912.0,20
855,8486.0,9912.0,20
856,8486.0,9912.0,20
857,8486.0,9912.0,20
858,8486.0,9912.0,20
859,8486.0,9912.0,20
860,8486.0,9912.0,20
861,8486.0,9912.0,20
862,8486.0,9912.0,20
863,8486.0,9912.0,20
864,8486.0,9912.0,20
865,8486.0,9912.0,20
866,8486.0,9912.0,20
867,8486.0,9912.0,20
868,8486.0,9912.0,20
869,8486.0,9912.0,20
870,8486.0,9912.0,20
871,8486.0,9912.0,20
872,8486.0,9912.0,20
873,8486.0,9912.0,20
874,8486.0,9912.0,20
875,8486.0,9912.0,20
876,8486.0,9912.0,20
877,8486.0,9912.0,20
878,8486.0,9912.0,20
879,8486.0,9912.0,20
880,8486.0,9912.0,20
881,8486.0,9912.0,20
882,8486.0,9912.0,20
883,8486.0,9912.0,20
884,8486.0,9912.0,20
885,8486.0,9912.0,20
886,8486.0,9912.0,20
887,8486.0,9912.0,20
888,8486.0,9912.0,20
889,8486.0,9912.0,20
890,8486.0,9912.0,20
891,8486.0,9912.0,20
892,8486.0,9912.0,20
893,8486.0,9912.0,20
894,8486.0,9912.0,20
895,8486.0,9912.0,20
896,8486.0,9912.0,20
897,8486.0,9912.0,20
898,8486.0,9912.0,20
899,8486.0,9912.0,20
900,8486.0,9912.0,20
901,8486.0,9912.0,20
902,8486.0,9912.0,20
903,8486.0,9912.0,20
904,8486.0,9912.0,20
905,8486.0,9912.0,20
906,8486.0,9912.0,20
907,8486.0,9912.0,20
908,8486.0,9912.0,20
909,8486.0,9912.0,20
910,8486.0,9912.0,20
911,8486.0,9912.0,20
912,8486.0,9912.0,20
913,8486.0,9912.0,20
914,8486.0,9912.0,20
915,8486.0,9912.0,20
916,8486.0,9912.0,20
917,8486.0,9912.0,20
918,8486.0,9912.0,20
919,8486.0,9912.0,20
920,8486.0,9912.0,20
921,8486.0,9912.0,20
922,8486.0,9912.0,20
923,8486.0,9912.0,20
924,8486.0,9912.0,20
925,8486.0,9912.0,20
926,8486.0,9912.0,20
927,8486.0,9912.0,20
928,8486.0,9912.0,20
929,8486.0,9912.0,20
930,8486.0,9912.0,20
931,8486.0,9912.0,20
932,8486.0,9912.0,20
933,8486.0,9912.0,20
934,8486.0,9912.0,20
935,8486.0,9912.0,20
936,8486.0,9912.0,20
937,8486.0,9912.0,20
938,8486.0,9912.0,20
939,8486.0,9912.0,20
940,8486.0,9912.0,20
941,8486.0,9912.0,20
942,8486.0,9912.0,20
943,8486.0,9912.0,20
944,8486.0,9912.0,20
945,8486.0,9912.0,20
946,8486.0,9912.0,20
947,8486.0,9912.0,20
948,8486.0,9912.0,20
949,8486.0,9912.0,20
950,8486.0,9912.0,20
951,8486.0,9912.0,20
952,8486.0,9912.0,20
953,8486.0,9912.0,20
954,8486.0,9912.0,20
955,8486.0,9912.0,20
956,8486.0,9912.0,20
957,8486.0,9912.0,20
958,8486.0,9912.0,20
959,8486.0,9912.0,20
960,8486.0,9912.0,20
961,8486.0,9912.0,20
962,8486.0,9912.0,20
963,8486.0,9912.0,20
964,8486.0,9912.0,20
965,8486.0,9912.0,20
966,8486.0,9912.0,20
967,8486.0,9912.0,20
968,8486.0,9912.0,20
969,8486.0,9912.0,20
970,8486.0,9912.0,20
971,8486.0,9912.0,20
972,8486.0,9912.0,20
973,8486.0,9912.0,20
974,8486.0,9912.0,20
975,8486.0,9912.0,20
976,8486.0,9912.0,20
977,8486.0,9912.0,20
978,8486.0,9912.0,20
979,8486.0,9912.0,20
980,8486.0,9912.0,20
981,8486.0,9912.0,20
982,8486.0,9912.0,20
983,8486.0,9912.0,20
984,8486.0,9912.0,20
985,8486.0,9912.0,20
986,8486.0,9912.0,20
987,8486.0,9912.0,20
988,8486.0,9912.0,20
989,8486.0,9912.0,20
990,8486.0,9912.0,20
991,8486.0,9912.0,20
992,8486.0,9912.0,20
993,8486.0,9912.0,20
994,8486.0,9912.0,20
995,8486.0,9912.0,20
996,8486.0,9912.0,20
997,8486.0,9912.0,20
998,8486.0,9912.0,20
999,8486.0,9912.0,20
1000,8486.0,9912.0,20
1001,8486.0,9912.0,20
1002,8486.0,9912.0,20
1003,8486.0,9912.0,20
1004,8486.0,9912.0,20
1005,8486.0,9912.0,20
1006,8486.0,9912.0,20
1007,8486.0,9912.0,20
1008,8486.0,9912.0,20
1009,8486.0,9912.0,20
1010,8486.0,9912.0,20
1011,8486.0,9912.0,20
1012,8486.0,9912.0,20
1013,8486.0,9912.0,20
1014,8486.0,9912.0,20
1015,8486.0,9912.0,20
1016,8486.0,9912.0,20
1017,8486.0,9912.0,20
1018,8486.0,9912.0,20
1019,8486.0,9912.0,20
1020,8486.0,9912.0,20
1021,8486.0,9912.0,20
1022,8486.0,9912.0,20
1023,8486.0,9912.0,20
1024,8486.0,9912.0,20
1025,8486.0,9912.0,20
1026,8486.0,9912.0,20
1027,8486.0,9912.0,20
1028,8486.0,9912.0,20
1029,8486.0,9912.0,20
1030,8486.0,9912.0,20
1031,8486.0,9912.0,20
1032,8486.0,9912.0,20
1033,8486.0,9912.0,20
1034,8486.0,9912.0,20
1035,8486.0,9912.0,20
1036,8486.0,9912.0,20
1037,8486.0,9912.0,20
1038,8486.0,9912.0,20
1039,8486.0,9912.0,20
1040,8486.0,9912.0,20
1041,8486.0,9912.0,20
1042,8486.0,9912.0,20
1043,8486.0,9912.0,20
1044,8486.0,9912.0,20
1045,8486.0,9912.0,20
1046,8486.0,9912.0,20
1047,8486.0,9912.0,20
1048,8486.0,9912.0,20
1049,8486.0,9912.0,20
1050,8486.0,9912.0,20
1051,8486.0,9912.0,20
1052,8486.0,9912.0,20
1053,8486.0,9912.0,20
1054,8486.0,9912.0,20
1055,8486.0,9912.0,20
1056,8486.0,9912.0,20
1057,8486.0,9912.0,20
1058,8486.0,9912.0,20
1059,8486.0,9912.0,20
1060,8486.0,9912.0,20
1061,8486.0,9912.0,20
1062,8486.0,9912.0,20
1063,8486.0,9912.0,20
1064,8486.0,9912.0,20
1065,8486.0,9912.0,20
1066,8486.0,9912.0,20
1067,8486.0,9912.0,20
1068,8486.0,9912.0,20
1069,8486.0,9912.0,20
1070,8486.0,9912.0,20
1071,8486.0,9912.0,20
1072,8486.0,9912.0,20
1073,8486.0,9912.0,20
1074,8486.0,9912.0,20
1075,8486.0,9912.0,20
1076,8486.0,9912.0,20
1077,8486.0,9912.0,20
1078,8486.0,9912.0,20
1079,8486.0,9912.0,20
1080,8486.0,9912.0,20
1081,8486.0,9912.0,20
1082,8486.0,9912.0,20
1083,8486.0,9912.0,20
1084,8486.0,9912.0,20
1085,8486.0,9912.0,20
1086,8486.0,9912.0,20
1087,8486.0,9912.0,20
1088,8486.0,9912.0,20
1089,8486.0,9912.0,20
1090,8486.0,9912.0,20
1091,8486.0,9912.0,20
1092,8486.0,9912.0,20
1093,8486.0,9912.0,20
1094,8486.0,9912.0,20
1095,8486.0,9912.0,20
1096,8486.0,9912.0,20
1097,8486.0,9912.0,20
1098,8486.0,9912.0,20
1099,8486.0,9912.0,20
1100,8486.0,9912.0,20
1101,8486.0,9912.0,20
1102,8486.0,9912.0,20
1103,8486.0,9912.0,20
1104,8486.0,9912.0,20
1105,8486.0,9912.0,20
1106,8486.0,9912.0,20
1107,8486.0,9912.0,20
1108,8486.0,9912.0,20
1109,8486.0,9912.0,20
1110,8486.0,9912.0,20
1111,8486.0,9912.0,20
1112,8486.0,9912.0,20
1113,8486.0,9912.0,20
1114,8486.0,9912.0,20
1115,8486.0,9912.0,20
1116,8486.0,9912.0,20
1117,8486.0,9912.0,20
1118,8486.0,9912.0,20
1119,8486.0,9912.0,20
1120,8486.0,9912.0,20
1121,8486.0,9912.0,20
1122,8486.0,9912.0,20
1123,8486.0,9912.0,20
1124,8486.0,9912.0,20
1125,8486.0,9912.0,20
1126,8486.0,9912.0,20
1127,8486.0,9912.0,20
1128,8486.0,9912.0,20
1129,8486.0,9912.0,20
1130,8486.0,9912.0,20
1131,8486.0,9912.0,20
1132,8486.0,9912.0,20
1133,8486.0,9912.0,20
1134,8486.0,9912.0,20
1135,8486.0,9912.0,20
1136,8486.0,9912.0,20
1137,8486.0,9912.0,20
1138,8486.0,9912.0,20
1139,8486.0,9912.0,20
1140,8486.0,9912.0,20
1141,8486.0,9912.0,20
1142,8486.0,9912.0,20
1143,8486.0,9912.0,20
1144,8486.0,9912.0,20
1145,8486.0,9912.0,20
1146,8486.0,9912.0,20
1147,8486.0,9912.0,20
1148,8486.0,9912.0,20
1149,8486.0,9912.0,20
1150,8486.0,9912.0,20
1151,8486.0,9912.0,20
1152,8486.0,9912.0,20
1153,8486.0,9912.0,20
1154,8486.0,9912.0,20
1155,8486.0,9912.0,20
1156,8486.0,9912.0,20
1157,8486.0,9912.0,20
1158,8486.0,9912.0,20
1159,8486.0,9912.0,20
1160,8486.0,9912.0,20
1161,8486.0,9912.0,20
1162,8486.0,9912.0,20
1163,8486.0,9912.0,20
1164,8486.0,9912.0,20
1165,8486.0,9912.0,20
1166,8486.0,9912.0,20
1167,8486.0,9912.0,20
1168,8486.0,9912.0,20
1169,8486.0,9912.0,20
1170,8486.0,9912.0,20
1171,8486.0,9912.0,20
1172,8486.0,9912.0,20
1173,8486.0,9912.0,20
1174,8486.0,9912.0,20
1175,8486.0,9912.0,20
1176,8486.0,9912.0,20
1177,8486.0,9912.0,20
1178,8486.0,9912.0,20
1179,8486.0,9912.0,20
1180,8486.0,9912.0,20
1181,8486.0,9912.0,20
1182,8486.0,9912.0,20
1183,8486.0,9912.0,20
1184,8486.0,9912.0,20
1185,8486.0,9912.0,20
1186,8486.0,9912.0,20
1187,8486.0,9912.0,20
1188,8486.0,9912.0,20
1189,8486.0,9912.0,20
1190,8486.0,9912.0,20
1191,8486.0,9912.0,20
1192,8486.0,9912.0,20
1193,8486.0,9912.0,20
1194,8486.0,9912.0,20
1195,8486.0,9912.0,20
1196,8486.0,9912.0,20
1197,8486.0,9912.0,20
1198,8486.0,9912.0,20
1199,8486.0,9912.0,20
1200,8486.0,9912.0,20
1201,8486.0,9912.0,20
1202,8486.0,9912.0,20
1203,8486.0,9912.0,20
1204,8486.0,9912.0,20
1205,8486.0,9912.0,20
1206,8486.0,9912.0,20
1207,8486.0,9912.0,20
1208,8486.0,9912.0,20
1209,8486.0,9912.0,20
1210,8486.0,9912.0,20
1211,8486.0,9912.0,20
1212,8486.0,9912.0,20
1213,8486.0,9912.0,20
1214,8486.0,9912.0,20
1215,8486.0,9912.0,20
1216,8486.0,9912.0,20
1217,8486.0,9912.0,20
1218,8486.0,9912.0,20
1219,8486.0,9912.0,20
1220,8486.0,9912.0,20
1221,8486.0,9912.0,20
1222,8486.0,9912.0,20
1223,8486.0,9912.0,20
1224,8486.0,9912.0,20
1225,8486.0,9912.0,20
1226,8486.0,9912.0,20
1227,8486.0,9912.0,20
1228,8486.0,9912.0,20
1229,8486.0,9912.0,20
1230,8486.0,9912.0,20
1231,8486.0,9912.0,20
1232,8486.0,9912.0,20
1233,8486.0,9912.0,20
1234,8486.0,9912.0,20
1235,8486.0,9912.0,20
1236,8486.0,9912.0,20
1237,8486.0,9912.0,20
1238,8486.0,9912.0,20
1239,8486.0,9912.0,20
1240,8486.0,9912.0,20
1241,8486.0,9912.0,20
1242,8486.0,9912.0,20
1243,8486.0,9912.0,20
1244,8486.0,9912.0,20
1245,8486.0,9912.0,20
1246,8486.0,9912.0,20
1247,8486.0,9912.0,20
1248,8486.0,9912.0,20
1249,8486.0,9912.0,20
1250,8486.0,9912.0,20
1251,8486.0,9912.0,20
1252,8486.0,9912.0,20
1253,8486.0,9912.0,20
1254,8486.0,9912.0,20
1255,8486.0,9912.0,20
1256,8486.0,9912.0,20
1257,8486.0,9912.0,20
1258,8486.0,9912.0,20
1259,8486.0,9912.0,20
1260,8486.0,9912.0,20
1261,8486.0,9912.0,20
1262,8486.0,9912.0,20
1263,8486.0,9912.0,20
1264,8486.0,9912.0,20
1265,8486.0,9912.0,20
1266,8486.0,9912.0,20
1267,8486.0,9912.0,20
1268,8486.0,9912.0,20
1269,8486.0,9912.0,20
1270,8486.0,9912.0,20
1271,8486.0,9912.0,20
1272,8486.0,9912.0,20
1273,8486.0,9912.0,20
1274,8486.0,9912.0,20
1275,8486.0,9912.0,20
1276,8486.0,9912.0,20
1277,8486.0,9912.0,20
1278,8486.0,9912.0,20
1279,8486.0,9912.0,20
1280,8486.0,9912.0,20
1281,8486.0,9912.0,20
1282,8486.0,9912.0,20
1283,8486.0,9912.0,20
1284,8486.0,9912.0,20
1285,8486.0,9912.0,20
1286,8486.0,9912.0,20
1287,8486.0,9912.0,20
1288,8486.0,9912.0,20
1289,8486.0,9912.0,20
1290,8486.0,9912.0,20
1291,8486.0,9912.0,20
1292,8486.0,9912.0,20
1293,8486.0,9912.0,20
1294,8486.0,9912.0,20
1295,8486.0,9912.0,20
1296,8486.0,9912.0,20
1297,8486.0,9912.0,20
1298,8486.0,9912.0,20
1299,8486.0,9912.0,20
1300,8486.0,9912.0,20
1301,8486.0,9912.0,20
1302,8486.0,9912.0,20
1303,8486.0,9912.0,20
1304,8486.0,9912.0,20
1305,8486.0,9912.0,20
1306,8486.0,9912.0,20
1307,8486.0,9912.0,20
1308,8486.0,9912.0,20
1309,8486.0,9912.0,20
1310,8486.0,9912.0,20
1311,8486.0,9912.0,20
1312,8486.0,9912.0,20
1313,8486.0,9912.0,20
1314,8486.0,9912.0,20
1315,8486.0,9912.0,20
1316,8486.0,9912.0,20
1317,8486.0,9912.0,20
1318,8486.0,9912.0,20
1319,8486.0,9912.0,20
1320,8486.0,9912.0,20
1321,8486.0,9912.0,20
1322,8486.0,9912.0,20
1323,8486.0,9912.0,20
1324,8486.0,9912.0,20
1325,8486.0,9912.0,20
1326,8486.0,9912.0,20
1327,8486.0,9912.0,20
1328,8486.0,9912.0,20
1329,8486.0,9912.0,20
1330,8486.0,9912.0,20
1331,8486.0,9912.0,20
1332,8486.0,9912.0,20
1333,8486.0,9912.0,20
1334,8486.0,9912.0,20
1335,8486.0,9912.0,20
1336,8486.0,9912.0,20
1337,8486.0,9912.0,20
1338,8486.0,9912.0,20
1339,8486.0,9912.0,20
1340,8486.0,9912.0,20
1341,8486.0,9912.0,20
1342,8486.0,9912.0,20
1343,8486.0,9912.0,20
1344,8486.0,9912.0,20
1345,8486.0,9912.0,20
1346,8486.0,9912.0,20
1347,8486.0,9912.0,20
1348,8486.0,9912.0,20
1349,8486.0,9912.0,20
1350,8486.0,9912.0,20
1351,8486.0,9912.0,20
1352,8486.0,9912.0,20
1353,8486.0,9912.0,20
1354,8486.0,9912.0,20
1355,8486.0,9912.0,20
1356,8486.0,9912.0,20
1357,8486.0,9912.0,20
1358,8486.0,9912.0,20
1359,8486.0,9912.0,20
1360,8486.0,9912.0,20
1361,8486.0,9912.0,20
1362,8486.0,9912.0,20
1363,8486.0,9912.0,20
1364,8486.0,9912.0,20
1365,8486.0,9912.0,20
1366,8486.0,9912.0,20
1367,8486.0,9912.0,20
1368,8486.0,9912.0,20
1369,8486.0,9912.0,20
1370,8486.0,9912.0,20
1371,8486.0,9912.0,20
1372,8486.0,9912.0,20
1373,8486.0,9912.0,20
1374,8486.0,9912.0,20
1375,8486.0,9912.0,20
1376,8486.0,9912.0,20
1377,8486.0,9912.0,20
1378,8486.0,9912.0,20
1379,8486.0,9912.0,20
1380,8486.0,9912.0,20
1381,8486.0,9912.0,20
1382,8486.0,9912.0,20
1383,8486.0,9912.0,20
1384,8486.0,9912.0,20
1385,8486.0,9912.0,20
1386,8486.0,9912.0,20
1387,8486.0,9912.0,20
1388,8486.0,9912.0,20
1389,8486.0,9912.0,20
1390,8486.0,9912.0,20
1391,8486.0,9912.0,20
1392,8486.0,9912.0,20
1393,8486.0,9912.0,20
1394,8486.0,9912.0,20
1395,8486.0,9912.0,20
1396,8486.0,9912.0,20
1397,8486.0,9912.0,20
1398,8486.0,9912.0,20
1399,8486.0,9912.0,20
1400,8486.0,9912.0,20
1401,8486.0,9912.0,20
1402,8486.0,9912.0,20
1403,8486.0,9912.0,20
1404,8486.0,9912.0,20
1405,8486.0,9912.0,20
1406,8486.0,9912.0,20
1407,8486.0,9912.0,20
1408,8486.0,9912.0,20
1409,8486.0,9912.0,20
1410,8486.0,9912.0,20
1411,8486.0,9912.0,20
1412,8486.0,9912.0,20
1413,8486.0,9912.0,20
1414,8486.0,9912.0,20
1415,8486.0,9912.0,20
1416,8486.0,9912.0,20
1417,8486.0,9912.0,20
1418,8486.0,9912.0,20
1419,8486.0,9912.0,20
1420,8486.0,9912.0,20
1421,8486.0,9912.0,20
1422,8486.0,9912.0,20
1423,8486.0,9912.0,20
1424,8486.0,9912.0,20
1425,8486.0,9912.0,20
1426,8486.0,9912.0,20
1427,8486.0,9912.0,20
1428,8486.0,9912.0,20
1429,8486.0,9912.0,20
1430,8486.0,9912.0,20
1431,8486.0,9912.0,20
1432,8486.0,9912.0,20
1433,8486.0,9912.0,20
1434,8486.0,9912.0,20
1435,8486.0,9912.0,20
1436,8486.0,9912.0,20
1437,8486.0,9912.0,20
1438,8486.0,9912.0,20
1439,8486.0,9912.0,20
1440,8486.0,9912.0,20
1441,8486.0,9912.0,20
1442,8486.0,9912.0,20
1443,8486.0,9912.0,20
1444,8486.0,9912.0,20
1445,8486.0,9912.0,20
1446,8486.0,9912.0,20
1447,8486.0,9912.0,20
1448,8486.0,9912.0,20
1449,8486.0,9912.0,20
1450,8486.0,9912.0,20
1451,8486.0,9912.0,20
1452,8486.0,9912.0,20
1453,8486.0,9912.0,20
1454,8486.0,9912.0,20
1455,8486.0,9912.0,20
1456,8486.0,9912.0,20
1457,8486.0,9912.0,20
1458,8486.0,9912.0,20
1459,8486.0,9912.0,20
1460,8486.0,9912.0,20
1461,8486.0,9912.0,20
1462,8486.0,9912.0,20
1463,8486.0,9912.0,20
1464,8486.0,9912.0,20
1465,8486.0,9912.0,20
1466,8486.0,9912.0,20
1467,8486.0,9912.0,20
1468,8486.0,9912.0,20
1469,8486.0,9912.0,20
1470,8486.0,9912.0,20
1471,8486.0,9912.0,20
1472,8486.0,9912.0,20
1473,8486.0,9912.0,20
1474,8486.0,9912.0,20
1475,8486.0,9912.0,20
1476,8486.0,9912.0,20
1477,8486.0,9912.0,20
1478,8486.0,9912.0,20
1479,8486.0,9912.0,20
1480,8486.0,9912.0,20
1481,8486.0,9912.0,20
1482,8486.0,9912.0,20
1483,8486.0,9912.0,20
1484,8486.0,9912.0,20
1485,8486.0,9912.0,20
1486,8486.0,9912.0,20
1487,8486.0,9912.0,20
1488,8486.0,9912.0,20
1489,8486.0,9912.0,20
1490,8486.0,9912.0,20
1491,8486.0,9912.0,20
1492,8486.0,9912.0,20
1493,8486.0,9912.0,20
1494,8486.0,9912.0,20
1495,8486.0,9912.0,20
1496,8486.0,9912.0,20
1497,8486.0,9912.0,20
1498,8486.0,9912.0,20
1499,8486.0,9912.0,20
1500,8486.0,9912.0,20
1501,8486.0,9912.0,20
1502,8486.0,9912.0,20
1503,8486.0,9912.0,20
1504,8486.0,9912.0,20
1505,8486.0,9912.0,20
1506,8486.0,9912.0,20
1507,8486.0,9912.0,20
1508,8486.0,9912.0,20
1509,8486.0,9912.0,20
1510,8486.0,9912.0,20
1511,8486.0,9912.0,20
1512,8486.0,9912.0,20
1513,8486.0,9912.0,20
1514,8486.0,9912.0,20
1515,8486.0,9912.0,20
1516,8486.0,9912.0,20
1517,8486.0,9912.0,20
1518,8486.0,9912.0,20
1519,8486.0,9912.0,20
1520,8486.0,9912.0,20
1521,8486.0,9912.0,20
1522,8486.0,9912.0,20
1523,8486.0,9912.0,20
1524,8486.0,9912.0,20
1525,8486.0,9912.0,20
1526,8486.0,9912.0,20
1527,8486.0,9912.0,20
1528,8486.0,9912.0,20
1529,8486.0,9912.0,20
1530,8486.0,9912.0,20
1531,8486.0,9912.0,20
1532,8486.0,9912.0,20
1533,8486.0,9912.0,20
1534,8486.0,9912.0,20
1535,8486.0,9912.0,20
1536,8486.0,9912.0,20
1537,8486.0,9912.0,20
1538,8486.0,9912.0,20
1539,8486.0,9912.0,20
1540,8486.0,9912.0,20
1541,8486.0,9912.0,20
1542,8486.0,9912.0,20
1543,8486.0,9912.0,20
1544,8486.0,9912.0,20
1545,8486.0,9912.0,20
1546,8486.0,9912.0,20
1547,8486.0,9912.0,20
1548,8486.0,9912.0,20
1549,8486.0,9912.0,20
1550,8486.0,9912.0,20
1551,8486.0,9912.0,20
1552,8486.0,9912.0,20
1553,8486.0,9912.0,20
1554,8486.0,9912.0,20
1555,8486.0,9912.0,20
1556,8486.0,9912.0,20
1557,8486.0,9912.0,20
1558,8486.0,9912.0,20
1559,8486.0,9912.0,20
1560,8486.0,9912.0,20
1561,8486.0,9912.0,20
1562,8486.0,9912.0,20
1563,8486.0,9912.0,20
1564,8486.0,9912.0,20
1565,8486.0,9912.0,20
1566,8486.0,9912.0,20
1567,8486.0,9912.0,20
1568,8486.0,9912.0,20
1569,8486.0,9912.0,20
1570,8486.0,9912.0,20
1571,8486.0,9912.0,20
1572,8486.0,9912.0,20
1573,8486.0,9912.0,20
1574,8486.0,9912.0,20
1575,8486.0,9912.0,20
1576,8486.0,9912.0,20
1577,8486.0,9912.0,20
1578,8486.0,9912.0,20
1579,8486.0,9912.0,20
1580,8486.0,9912.0,20
1581,8486.0,9912.0,20
1582,8486.0,9912.0,20
1583,8486.0,9912.0,20
1584,8486.0,9912.0,20
1585,8486.0,9912.0,20
1586,8486.0,9912.0,20
1587,8486.0,9912.0,20
1588,8486.0,9912.0,20
1589,8486.0,9912.0,20
1590,8486.0,9912.0,20
1591,8486.0,9912.0,20
1592,8486.0,9912.0,20
1593,8486.0,9912.0,20
1594,8486.0,9912.0,20
1595,8486.0,9912.0,20
1596,8486.0,9912.0,20
1597,8486.0,9912.0,20
1598,8486.0,9912.0,20
1599,8486.0,9912.0,20
1600,8486.0,9912.0,20
1601,8486.0,9912.0,20
1602,8486.0,9912.0,20
1603,8486.0,9912.0,20
1604,8486.0,9912.0,20
1605,8486.0,9912.0,20
1606,8486.0,9912.0,20
1607,8486.0,9912.0,20
1608,8486.0,9912.0,20
1609,8486.0,9912.0,20
1610,8486.0,9912.0,20
1611,8486.0,9912.0,20
1612,8486.0,9912.0,20
1613,8486.0,9912.0,20
1614,8486.0,9912.0,20
1615,8486.0,9912.0,20
1616,8486.0,9912.0,20
1617,8486.0,9912.0,20
1618,8486.0,9912.0,20
1619,8486.0,9912.0,20
1620,8486.0,9912.0,20
1621,8486.0,9912.0,20
1622,8486.0,9912.0,20
1623,8486.0,9912.0,20
1624,8486.0,9912.0,20
1625,8486.0,9912.0,20
1626,8486.0,9912.0,20
1627,8486.0,9912.0,20
1628,8486.0,9912.0,20
1629,8486.0,9912.0,20
1630,8486.0,9912.0,20
1631,8486.0,9912.0,20
1632,8486.0,9912.0,20
1633,8486.0,9912.0,20
1634,8486.0,9912.0,20
1635,8486.0,9912.0,20
1636,8486.0,9912.0,20
1637,8486.0,9912.0,20
1638,8486.0,9912.0,20
1639,8486.0,9912.0,20
1640,8486.0,9912.0,20
1641,8486.0,9912.0,20
1642,8486.0,9912.0,20
1643,8486.0,9912.0,20
1644,8486.0,9912.0,20
1645,8486.0,9912.0,20
1646,8486.0,9912.0,20
1647,8486.0,9912.0,20
1648,8486.0,9912.0,20
1649,8486.0,9912.0,20
1650,8486.0,9912.0,20
1651,8486.0,9912.0,20
1652,8486.0,9912.0,20
1653,8486.0,9912.0,20
1654,8486.0,9912.0,20
1655,8486.0,9912.0,20
1656,8486.0,9912.0,20
1657,8486.0,9912.0,20
1658,8486.0,9912.0,20
1659,8486.0,9912.0,20
1660,8486.0,9912.0,20
1661,8486.0,9912.0,20
1662,8486.0,9912.0,20
1663,8486.0,9912.0,20
1664,8486.0,9912.0,20
1665,8486.0,9912.0,20
1666,8486.0,9912.0,20
1667,8486.0,9912.0,20
1668,8486.0,9912.0,20
1669,8486.0,9912.0,20
1670,8486.0,9912.0,20
1671,8486.0,9912.0,20
1672,8486.0,9912.0,20
1673,8486.0,9912.0,20
1674,8486.0,9912.0,20
1675,8486.0,9912.0,20
1676,8486.0,9912.0,20
1677,8486.0,9912.0,20
1678,8486.0,9912.0,20
1679,8486.0,9912.0,20
1680,8486.0,9912.0,20
1681,8486.0,9912.0,20
1682,8486.0,9912.0,20
1683,8486.0,9912.0,20
1684,8486.0,9912.0,20
1685,8486.0,9912.0,20
1686,8486.0,9912.0,20
1687,8486.0,9912.0,20
1688,8486.0,9912.0,20
1689,8486.0,9912.0,20
1690,8486.0,9912.0,20
1691,8486.0,9912.0,20
1692,8486.0,9912.0,20
1693,8486.0,9912.0,20
1694,8486.0,9912.0,20
1695,8486.0,9912.0,20
1696,8486.0,9912.0,20
1697,8486.0,9912.0,20
1698,8486.0,9912.0,20
1699,8486.0,9912.0,20
1700,8486.0,9912.0,20
1701,8486.0,9912.0,20
1702,8486.0,9912.0,20
1703,8486.0,9912.0,20
1704,8486.0,9912.0,20
1705,8486.0,9912.0,20
1706,8486.0,9912.0,20
1707,8486.0,9912.0,20
1708,8486.0,9912.0,20
1709,8486.0,9912.0,20
1710,8486.0,9912.0,20
1711,8486.0,9912.0,20
1712,8486.0,9912.0,20
1713,8486.0,9912.0,20
1714,8486.0,9912.0,20
1715,8486.0,9912.0,20
1716,8486.0,9912.0,20
1717,8486.0,9912.0,20
1718,8486.0,9912.0,20
1719,8486.0,9912.0,20
1720,8486.0,9912.0,20
1721,8486.0,9912.0,20
1722,8486.0,9912.0,20
1723,8486.0,9912.0,20
1724,8486.0,9912.0,20
1725,8486.0,9912.0,20
1726,8486.0,9912.0,20
1727,8486.0,9912.0,20
1728,8486.0,9912.0,20
1729,8486.0,9912.0,20
1730,8486.0,9912.0,20
1731,8486.0,9912.0,20
1732,8486.0,9912.0,20
1733,8486.0,9912.0,20
1734,8486.0,9912.0,20
1735,8486.0,9912.0,20
1736,8486.0,9912.0,20
1737,8486.0,9912.0,20
1738,8486.0,9912.0,20
1739,8486.0,9912.0,20
1740,8486.0,9912.0,20
1741,8486.0,9912.0,20
1742,8486.0,9912.0,20
1743,8486.0,9912.0,20
1744,8486.0,9912.0,20
1745,8486.0,9912.0,20
1746,8486.0,9912.0,20
1747,8486.0,9912.0,20
1748,8486.0,9912.0,20
1749,8486.0,9912.0,20
1750,8486.0,9912.0,20
1751,8486.0,9912.0,20
1752,8486.0,9912.0,20
1753,8486.0,9912.0,20
1754,8486.0,9912.0,20
1755,8486.0,9912.0,20
1756,8486.0,9912.0,20
1757,8486.0,9912.0,20
1758,8486.0,9912.0,20
1759,8486.0,9912.0,20
1760,8486.0,9912.0,20
1761,8486.0,9912.0,20
1762,8486.0,9912.0,20
1763,8486.0,9912.0,20
1764,8486.0,9912.0,20
1765,8486.0,9912.0,20
1766,8486.0,9912.0,20
1767,8486.0,9912.0,20
1768,8486.0,9912.0,20
1769,8486.0,9912.0,20
1770,8486.0,9912.0,20
1771,8486.0,9912.0,20
1772,8486.0,9912.0,20
1773,8486.0,9912.0,20
1774,8486.0,9912.0,20
1775,8486.0,9912.0,20
1776,8486.0,9912.0,20
1777,8486.0,9912.0,20
1778,8486.0,9912.0,20
1779,8486.0,9912.0,20
1780,8486.0,9912.0,20
1781,8486.0,9912.0,20
1782,8486.0,9912.0,20
1783,8486.0,9912.0,20
1784,8486.0,9912.0,20
1785,8486.0,9912.0,20
1786,8486.0,9912.0,20
1787,8486.0,9912.0,20
1788,8486.0,9912.0,20
1789,8486.0,9912.0,20
1790,8486.0,9912.0,20
1791,8486.0,9912.0,20
1792,8486.0,9912.0,20
1793,8486.0,9912.0,20
1794,8486.0,9912.0,20
1795,8486.0,9912.0,20
1796,8486.0,9912.0,20
1797,8486.0,9912.0,20
1798,8486.0,9912.0,20
1799,8486.0,9912.0,20
1800,8486.0,9912.0,20
1801,8486.0,9912.0,20
1802,8486.0,9912.0,20
1803,8486.0,9912.0,20
1804,8486.0,9912.0,20
1805,8486.0,9912.0,20
1806,8486.0,9912.0,20
1807,8486.0,9912.0,20
1808,8486.0,9912.0,20
1809,8486.0,9912.0,20
1810,8486.0,9912.0,20
1811,8486.0,9912.0,20
1812,8486.0,9912.0,20
1813,8486.0,9912.0,20
1814,8486.0,9912.0,20
1815,8486.0,9912.0,20
1816,8486.0,9912.0,20
1817,8486.0,9912.0,20
1818,8486.0,9912.0,20
1819,8486.0,9912.0,20
1820,8486.0,9912.0,20
1821,8486.0,9912.0,20
1822,8486.0,9912.0,20
1823,8486.0,9912.0,20
1824,8486.0,9912.0,20
1825,8486.0,9912.0,20
1826,8486.0,9912.0,20
1827,8486.0,9912.0,20
1828,8486.0,9912.0,20
1829,8486.0,9912.0,20
1830,8486.0,9912.0,20
1831,8486.0,9912.0,20
1832,8486.0,9912.0,20
1833,8486.0,9912.0,20
1834,8486.0,9912.0,20
1835,8486.0,9912.0,20
1836,8486.0,9912.0,20
1837,8486.0,9912.0,20
1838,8486.0,9912.0,20
1839,8486.0,9912.0,20
1840,8486.0,9912.0,20
1841,8486.0,9912.0,20
1842,8486.0,9912.0,20
1843,8486.0,9912.0,20
1844,8486.0,9912.0,20
1845,8486.0,9912.0,20
1846,8486.0,9912.0,20
1847,8486.0,9912.0,20
1848,8486.0,9912.0,20
1849,8486.0,9912.0,20
1850,8486.0,9912.0,20
1851,8486.0,9912.0,20
1852,8486.0,9912.0,20
1853,8486.0,9912.0,20
1854,8486.0,9912.0,20
1855,8486.0,9912.0,20
1856,8486.0,9912.0,20
1857,8486.0,9912.0,20
1858,8486.0,9912.0,20
1859,8486.0,9912.0,20
1860,8486.0,9912.0,20
1861,8486.0,9912.0,20
1862,8486.0,9912.0,20
1863,8486.0,9912.0,20
1864,8486.0,9912.0,20
1865,8486.0,9912.0,20
1866,8486.0,9912.0,20
1867,8486.0,9912.0,20
1868,8486.0,9912.0,20
1869,8486.0,9912.0,20
1870,8486.0,9912.0,20
1871,8486.0,9912.0,20
1872,8486.0,9912.0,20
1873,8486.0,9912.0,20
1874,8486.0,9912.0,20
1875,8486.0,9912.0,20
1876,8486.0,9912.0,20
1877,8486.0,9912.0,20
1878,8486.0,9912.0,20
1879,8486.0,9912.0,20
1880,8486.0,9912.0,20
1881,8486.0,9912.0,20
1882,8486.0,9912.0,20
1883,8486.0,9912.0,20
1884,8486.0,9912.0,20
1885,8486.0,9912.0,20
1886,8486.0,9912.0,20
1887,8486.0,9912.0,20
1888,8486.0,9912.0,20
1889,8486.0,9912.0,20
1890,8486.0,9912.0,20
1891,8486.0,9912.0,20
1892,8486.0,9912.0,20
1893,8486.0,9912.0,20
1894,8486.0,9912.0,20
1895,8486.0,9912.0,20
1896,8486.0,9912.0,20
1897,8486.0,9912.0,20
1898,8486.0,9912.0,20
1899,8486.0,9912.0,20
1900,8486.0,9912.0,20
1901,8486.0,9912.0,20
1902,8486.0,9912.0,20
1903,8486.0,9912.0,20
1904,8486.0,9912.0,20
1905,8486.0,9912.0,20
1906,8486.0,9912.0,20
1907,8486.0,9912.0,20
1908,8486.0,9912.0,20
1909,8486.0,9912.0,20
1910,8486.0,9912.0,20
1911,8486.0,9912.0,20
1912,8486.0,9912.0,20
1913,8486.0,9912.0,20
1914,8486.0,9912.0,20
1915,8486.0,9912.0,20
1916,8486.0,9912.0,20
1917,8486.0,9912.0,20
1918,8486.0,9912.0,20
1919,8486.0,9912.0,20
1920,8486.0,9912.0,20
1921,8486.0,9912.0,20
1922,8486.0,9912.0,20
1923,8486.0,9912.0,20
1924,8486.0,9912.0,20
1925,8486.0,9912.0,20
1926,8486.0,9912.0,20
1927,8486.0,9912.0,20
1928,8486.0,9912.0,20
1929,8486.0,9912.0,20
1930,8486.0,9912.0,20
1931,8486.0,9912.0,20
1932,8486.0,9912.0,20
1933,8486.0,9912.0,20
1934,8486.0,9912.0,20
1935,8486.0,9912.0,20
1936,8486.0,9912.0,20
1937,8486.0,9912.0,20
1938,8486.0,9912.0,20
1939,8486.0,9912.0,20
1940,8486.0,9912.0,20
1941,8486.0,9912.0,20
1942,8486.0,9912.0,20
1943,8486.0,9912.0,20
1944,8486.0,9912.0,20
1945,8486.0,9912.0,20
1946,8486.0,9912.0,20
1947,8486.0,9912.0,20
1948,8486.0,9912.0,20
1949,8486.0,9912.0,20
1950,8486.0,9912.0,20
1951,8486.0,9912.0,20
1952,8486.0,9912.0,20
1953,8486.0,9912.0,20
1954,8486.0,9912.0,20
1955,8486.0,9912.0,20
1956,8486.0,9912.0,20
1957,8486.0,9912.0,20
1958,8486.0,9912.0,20
1959,8486.0,9912.0,20
1960,8486.0,9912.0,20
1961,8486.0,9912.0,20
1962,8486.0,9912.0,20
1963,8486.0,9912.0,20
1964,8486.0,9912.0,20
1965,8486.0,9912.0,20
1966,8486.0,9912.0,20
1967,8486.0,9912.0,20
1968,8486.0,9912.0,20
1969,8486.0,9912.0,20
1970,8486.0,9912.0,20
1971,8486.0,9912.0,20
1972,8486.0,9912.0,20
1973,8486.0,9912.0,20
1974,8486.0,9912.0,20
1975,8486.0,9912.0,20
1976,8486.0,9912.0,20
1977,8486.0,9912.0,20
1978,8486.0,9912.0,20
1979,8486.0,9912.0,20
1980,8486.0,9912.0,20
1981,8486.0,9912.0,20
1982,8486.0,9912.0,20
1983,8486.0,9912.0,20
1984,8486.0,9912.0,20
1985,8486.0,9912.0,20
1986,8486.0,9912.0,20
1987,8486.0,9912.0,20
1988,8486.0,9912.0,20
1989,8486.0,9912.0,20
1990,8486.0,9912.0,20
1991,8486.0,9912.0,20
1992,8486.0,9912.0,20
1993,8486.0,9912.0,20
1994,8486.0,9912.0,20
1995,8486.0,9912.0,20
1996,8486.0,9912.0,20
1997,8486.0,9912.0,20
1998,8486.0,9912.0,20
1999,8486.0,9912.0,20
