iteration,best_cost,best_x,best_y
0,17150,3.5105254322056876,0.32077897918570186
1,17150,3.5105254322056876,0.32077897918570186
2,17150,3.5105254322056876,0.32077897918570186
3,17150,3.5105254322056876,0.32077897918570186
4,17150,3.5105254322056876,0.32077897918570186
5,17150,3.5105254322056876,0.32077897918570186
6,17150,3.5105254322056876,0.32077897918570186
7,17150,3.5105254322056876,0.32077897918570186
8,17150,3.5105254322056876,0.32077897918570186
9,17150,3.5105254322056876,0.32077897918570186
10,17150,3.5105254322056876,0.32077897918570186
11,16888,-3.1292952410119472,2.330616813418179
12,16888,-3.1292952410119472,2.330616813418179
13,14595,-0.1016832112327748,0.7154342412199437
14,14595,-0.1016832112327748,0.7154342412199437
15,14595,-0.1016832112327748,0.7154342412199437
16,14595,-0.1016832112327748,0.7154342412199437
17,14595,-0.1016832112327748,0.7154342412199437
18,14595,-0.1016832112327748,0.7154342412199437
19,14595,-0.1016832112327748,0.7154342412199437
20,14595,-0.1016832112327748,0.7154342412199437
21,14595,-0.1016832112327748,0.7154342412199437
22,14595,-0.1016832112327748,0.7154342412199437
23,14595,-0.1016832112327748,0.7154342412199437
24,14595,-0.1016832112327748,0.7154342412199437
25,14595,-0.1016832112327748,0.7154342412199437
26,14595,-0.1016832112327748,0.7154342412199437
27,14595,-0.1016832112327748,0.7154342412199437
28,14595,-0.1016832112327748,0.7154342412199437
29,14595,-0.1016832112327748,0.7154342412199437
30,14595,-0.1016832112327748,0.7154342412199437
31,14595,-0.1016832112327748,0.7154342412199437
32,14595,-0.1016832112327748,0.7154342412199437
33,14595,-0.1016832112327748,0.7154342412199437
34,14595,-0.1016832112327748,0.7154342412199437
35,14595,-0.1016832112327748,0.7154342412199437
36,14595,-0.1016832112327748,0.7154342412199437
37,14595,-0.1016832112327748,0.7154342412199437
38,14595,-0.1016832112327748,0.7154342412199437
39,14595,-0.1016832112327748,0.7154342412199437
40,14595,-0.1016832112327748,0.7154342412199437
41,14595,-0.1016832112327748,0.7154342412199437
42,14595,-0.1016832112327748,0.7154342412199437
43,14595,-0.1016832112327748,0.7154342412199437
44,14595,-0.1016832112327748,0.7154342412199437
45,14595,-0.1016832112327748,0.7154342412199437
46,14595,-0.1016832112327748,0.7154342412199437
47,14595,-0.1016832112327748,0.7154342412199437
48,14595,-0.1016832112327748,0.7154342412199437
49,14431,1.6166214153347414,-0.7659513621715901
50,14431,1.6166214153347414,-0.7659513621715901
51,14431,1.6166214153347414,-0.7659513621715901
52,14431,1.6166214153347414,-0.7659513621715901
53,14431,1.6166214153347414,-0.7659513621715901
54,14431,1.6166214153347414,-0.7659513621715901
55,14431,1.6166214153347414,-0.7659513621715901
56,14431,1.6166214153347414,-0.7659513621715901
57,14431,1.6166214153347414,-0.7659513621715901
58,14431,1.6166214153347414,-0.7659513621715901
59,14431,1.6166214153347414,-0.7659513621715901
60,14431,1.6166214153347414,-0.7659513621715901
61,14431,1.6166214153347414,-0.7659513621715901
62,14431,1.6166214153347414,-0.7659513621715901
63,14431,1.6166214153347414,-0.7659513621715901
64,14431,1.6166214153347414,-0.7659513621715901
65,14431,1.6166214153347414,-0.7659513621715901
66,14431,1.6166214153347414,-0.7659513621715901
67,14431,1.6166214153347414,-0.7659513621715901
68,14431,1.6166214153347414,-0.7659513621715901
69,14431,1.6166214153347414,-0.7659513621715901
70,14431,1.6166214153347414,-0.7659513621715901
71,14431,1.6166214153347414,-0.7659513621715901
72,14431,1.6166214153347414,-0.7659513621715901
73,14431,1.6166214153347414,-0.7659513621715901
74,14431,1.6166214153347414,-0.7659513621715901
75,14431,1.6166214153347414,-0.7659513621715901
76,14431,1.6166214153347414,-0.7659513621715901
77,14431,1.6166214153347414,-0.7659513621715901
78,14431,1.6166214153347414,-0.7659513621715901
79,14431,1.6166214153347414,-0.7659513621715901
80,14431,1.6166214153347414,-0.7659513621715901
81,14431,1.6166214153347414,-0.7659513621715901
82,14431,1.6166214153347414,-0.7659513621715901
83,14431,1.6166214153347414,-0.7659513621715901
84,14431,1.6166214153347414,-0.7659513621715901
85,14431,1.6166214153347414,-0.7659513621715901
86,14431,1.6166214153347414,-0.7659513621715901
87,14431,1.6166214153347414,-0.7659513621715901
88,14431,1.6166214153347414,-0.7659513621715901
89,14431,1.6166214153347414,-0.7659513621715901
90,14431,1.6166214153347414,-0.7659513621715901
91,14431,1.6166214153347414,-0.7659513621715901
92,14431,1.6166214153347414,-0.7659513621715901
93,14431,1.6166214153347414,-0.7659513621715901
94,14431,1.6166214153347414,-0.7659513621715901
95,14431,1.6166214153347414,-0.7659513621715901
96,14431,1.6166214153347414,-0.7659513621715901
97,14431,1.6166214153347414,-0.7659513621715901
98,13410,3.1180224780432955,-3.907371594474572
99,13410,3.1180224780432955,-3.907371594474572
100,13410,3.1180224780432955,-3.907371594474572
101,13410,3.1180224780432955,-3.907371594474572
102,13410,3.1180224780432955,-3.907371594474572
103,13410,3.1180224780432955,-3.907371594474572
104,13410,3.1180224780432955,-3.907371594474572
105,13410,3.1180224780432955,-3.907371594474572
106,13410,3.1180224780432955,-3.907371594474572
107,13410,3.1180224780432955,-3.907371594474572
108,13410,3.1180224780432955,-3.907371594474572
109,13410,3.1180224780432955,-3.907371594474572
110,13410,3.1180224780432955,-3.907371594474572
111,13410,3.1180224780432955,-3.907371594474572
112,13410,3.1180224780432955,-3.907371594474572
113,13410,3.1180224780432955,-3.907371594474572
114,13410,3.1180224780432955,-3.907371594474572
115,13410,3.1180224780432955,-3.907371594474572
116,13410,3.1180224780432955,-3.907371594474572
117,13410,3.1180224780432955,-3.907371594474572
118,13410,3.1180224780432955,-3.907371594474572
119,13410,3.1180224780432955,-3.907371594474572
120,13410,3.1180224780432955,-3.907371594474572
121,13410,3.1180224780432955,-3.907371594474572
122,13410,3.1180224780432955,-3.907371594474572
123,13410,3.1180224780432955,-3.907371594474572
124,13410,3.1180224780432955,-3.907371594474572
125,13410,3.1180224780432955,-3.907371594474572
126,13410,3.1180224780432955,-3.907371594474572
127,13410,3.1180224780432955,-3.907371594474572
128,13410,3.1180224780432955,-3.907371594474572
129,13410,3.1180224780432955,-3.907371594474572
130,13410,3.1180224780432955,-3.907371594474572
131,13410,3.1180224780432955,-3.907371594474572
132,13410,3.1180224780432955,-3.907371594474572
133,13410,3.1180224780432955,-3.907371594474572
134,13410,3.1180224780432955,-3.907371594474572
135,13410,3.1180224780432955,-3.907371594474572
136,13410,3.1180224780432955,-3.907371594474572
137,13410,3.1180224780432955,-3.907371594474572
138,13410,3.1180224780432955,-3.907371594474572
139,13410,3.1180224780432955,-3.907371594474572
140,13410,3.1180224780432955,-3.907371594474572
141,13410,3.1180224780432955,-3.907371594474572
142,13410,3.1180224780432955,-3.907371594474572
143,13410,3.1180224780432955,-3.907371594474572
144,13410,3.1180224780432955,-3.907371594474572
145,13410,3.1180224780432955,-3.907371594474572
146,13410,3.1180224780432955,-3.907371594474572
147,13410,3.1180224780432955,-3.907371594474572
148,13410,3.1180224780432955,-3.907371594474572
149,13410,3.1180224780432955,-3.907371594474572
150,13410,3.1180224780432955,-3.907371594474572
151,13410,3.1180224780432955,-3.907371594474572
152,13410,3.1180224780432955,-3.907371594474572
153,13410,3.1180224780432955,-3.907371594474572
154,13410,3.1180224780432955,-3.907371594474572
155,13410,3.1180224780432955,-3.907371594474572
156,13410,3.1180224780432955,-3.907371594474572
157,13410,3.1180224780432955,-3.907371594474572
158,13410,3.1180224780432955,-3.907371594474572
159,13410,3.1180224780432955,-3.907371594474572
160,13410,3.1180224780432955,-3.907371594474572
161,13410,3.1180224780432955,-3.907371594474572
162,13410,3.1180224780432955,-3.907371594474572
163,13410,3.1180224780432955,-3.907371594474572
164,13410,3.1180224780432955,-3.907371594474572
165,13410,3.1180224780432955,-3.907371594474572
166,13410,3.1180224780432955,-3.907371594474572
167,13410,3.1180224780432955,-3.907371594474572
168,13410,3.1180224780432955,-3.907371594474572
169,13410,3.1180224780432955,-3.907371594474572
170,13410,3.1180224780432955,-3.907371594474572
171,13410,3.1180224780432955,-3.907371594474572
172,13410,3.1180224780432955,-3.907371594474572
173,13410,3.1180224780432955,-3.907371594474572
174,13410,3.1180224780432955,-3.907371594474572
175,13410,3.1180224780432955,-3.907371594474572
176,13410,3.1180224780432955,-3.907371594474572
177,13410,3.1180224780432955,-3.907371594474572
178,13410,3.1180224780432955,-3.907371594474572
179,13410,3.1180224780432955,-3.907371594474572
180,13410,3.1180224780432955,-3.907371594474572
181,13410,3.1180224780432955,-3.907371594474572
182,13410,3.1180224780432955,-3.907371594474572
183,13410,3.1180224780432955,-3.907371594474572
184,13410,3.1180224780432955,-3.907371594474572
185,13410,3.1180224780432955,-3.907371594474572
186,13410,3.1180224780432955,-3.907371594474572
187,13410,3.1180224780432955,-3.907371594474572
188,13410,3.1180224780432955,-3.907371594474572
189,13410,3.1180224780432955,-3.907371594474572
190,13410,3.1180224780432955,-3.907371594474572
191,13410,3.1180224780432955,-3.907371594474572
192,13410,3.1180224780432955,-3.907371594474572
193,13410,3.1180224780432955,-3.907371594474572
194,13410,3.1180224780432955,-3.907371594474572
195,13410,3.1180224780432955,-3.907371594474572
196,13410,3.1180224780432955,-3.907371594474572
197,13410,3.1180224780432955,-3.907371594474572
198,13410,3.1180224780432955,-3.907371594474572
199,13410,3.1180224780432955,-3.907371594474572
200,13410,3.1180224780432955,-3.907371594474572
201,13410,3.1180224780432955,-3.907371594474572
202,13410,3.1180224780432955,-3.907371594474572
203,13410,3.1180224780432955,-3.907371594474572
204,13410,3.1180224780432955,-3.907371594474572
205,13410,3.1180224780432955,-3.907371594474572
206,13410,3.1180224780432955,-3.907371594474572
207,13410,3.1180224780432955,-3.907371594474572
208,13410,3.1180224780432955,-3.907371594474572
209,13410,3.1180224780432955,-3.907371594474572
210,13410,3.1180224780432955,-3.907371594474572
211,13410,3.1180224780432955,-3.907371594474572
212,13410,3.1180224780432955,-3.907371594474572
213,13410,3.1180224780432955,-3.907371594474572
214,13410,3.1180224780432955,-3.907371594474572
215,13410,3.1180224780432955,-3.907371594474572
216,13410,3.1180224780432955,-3.907371594474572
217,13410,3.1180224780432955,-3.907371594474572
218,13410,3.1180224780432955,-3.907371594474572
219,13410,3.1180224780432955,-3.907371594474572
220,13410,3.1180224780432955,-3.907371594474572
221,13410,3.1180224780432955,-3.907371594474572
222,13410,3.1180224780432955,-3.907371594474572
223,13410,3.1180224780432955,-3.907371594474572
224,13410,3.1180224780432955,-3.907371594474572
225,13410,3.1180224780432955,-3.907371594474572
226,13410,3.1180224780432955,-3.907371594474572
227,13410,3.1180224780432955,-3.907371594474572
228,13410,3.1180224780432955,-3.907371594474572
229,13410,3.1180224780432955,-3.907371594474572
230,13410,3.1180224780432955,-3.907371594474572
231,13410,3.1180224780432955,-3.907371594474572
232,13410,3.1180224780432955,-3.907371594474572
233,13410,3.1180224780432955,-3.907371594474572
234,13410,3.1180224780432955,-3.907371594474572
235,13410,3.1180224780432955,-3.907371594474572
236,13410,3.1180224780432955,-3.907371594474572
237,13410,3.1180224780432955,-3.907371594474572
238,13410,3.1180224780432955,-3.907371594474572
239,13410,3.1180224780432955,-3.907371594474572
240,13410,3.1180224780432955,-3.907371594474572
241,13410,3.1180224780432955,-3.907371594474572
242,13410,3.1180224780432955,-3.907371594474572
243,13410,3.1180224780432955,-3.907371594474572
244,13410,3.1180224780432955,-3.907371594474572
245,13410,3.1180224780432955,-3.907371594474572
246,13410,3.1180224780432955,-3.907371594474572
247,13410,3.1180224780432955,-3.907371594474572
248,13410,3.1180224780432955,-3.907371594474572
249,13410,3.1180224780432955,-3.907371594474572
250,13410,3.1180224780432955,-3.907371594474572
251,13410,3.1180224780432955,-3.907371594474572
252,13410,3.1180224780432955,-3.907371594474572
253,13410,3.1180224780432955,-3.907371594474572
254,13410,3.1180224780432955,-3.907371594474572
255,13410,3.1180224780432955,-3.907371594474572
256,13410,3.1180224780432955,-3.907371594474572
257,13410,3.1180224780432955,-3.907371594474572
258,13410,3.1180224780432955,-3.907371594474572
259,13410,3.1180224780432955,-3.907371594474572
260,13410,3.1180224780432955,-3.907371594474572
261,13410,3.1180224780432955,-3.907371594474572
262,13410,3.1180224780432955,-3.907371594474572
263,13410,3.1180224780432955,-3.907371594474572
264,13410,3.1180224780432955,-3.907371594474572
265,13410,3.1180224780432955,-3.907371594474572
266,13410,3.1180224780432955,-3.907371594474572
267,13410,3.1180224780432955,-3.907371594474572
268,13410,3.1180224780432955,-3.907371594474572
269,13410,3.1180224780432955,-3.907371594474572
270,13410,3.1180224780432955,-3.907371594474572
271,13410,3.1180224780432955,-3.907371594474572
272,13410,3.1180224780432955,-3.907371594474572
273,13410,3.1180224780432955,-3.907371594474572
274,13410,3.1180224780432955,-3.907371594474572
275,13410,3.1180224780432955,-3.907371594474572
276,13410,3.1180224780432955,-3.907371594474572
277,13410,3.1180224780432955,-3.907371594474572
278,13410,3.1180224780432955,-3.907371594474572
279,13410,3.1180224780432955,-3.907371594474572
280,13410,3.1180224780432955,-3.907371594474572
281,13410,3.1180224780432955,-3.907371594474572
282,13410,3.1180224780432955,-3.907371594474572
283,13410,3.1180224780432955,-3.907371594474572
284,13410,3.1180224780432955,-3.907371594474572
285,13410,3.1180224780432955,-3.907371594474572
286,13410,3.1180224780432955,-3.907371594474572
287,13410,3.1180224780432955,-3.907371594474572
288,13410,3.1180224780432955,-3.907371594474572
289,13410,3.1180224780432955,-3.907371594474572
290,13410,3.1180224780432955,-3.907371594474572
291,13410,3.1180224780432955,-3.907371594474572
292,13410,3.1180224780432955,-3.907371594474572
293,13410,3.1180224780432955,-3.907371594474572
294,13410,3.1180224780432955,-3.907371594474572
295,13410,3.1180224780432955,-3.907371594474572
296,13410,3.1180224780432955,-3.907371594474572
297,13410,3.1180224780432955,-3.907371594474572
298,13410,3.1180224780432955,-3.907371594474572
299,13410,3.1180224780432955,-3.907371594474572
300,13410,3.1180224780432955,-3.907371594474572
301,13410,3.1180224780432955,-3.907371594474572
302,13410,3.1180224780432955,-3.907371594474572
303,13410,3.1180224780432955,-3.907371594474572
304,13410,3.1180224780432955,-3.907371594474572
305,13410,3.1180224780432955,-3.907371594474572
306,13410,3.1180224780432955,-3.907371594474572
307,13410,3.1180224780432955,-3.907371594474572
308,13410,3.1180224780432955,-3.907371594474572
309,13410,3.1180224780432955,-3.907371594474572
310,13410,3.1180224780432955,-3.907371594474572
311,13410,3.1180224780432955,-3.907371594474572
312,13410,3.1180224780432955,-3.907371594474572
313,13410,3.1180224780432955,-3.907371594474572
314,13410,3.1180224780432955,-3.907371594474572
315,13410,3.1180224780432955,-3.907371594474572
316,13410,3.1180224780432955,-3.907371594474572
317,13410,3.1180224780432955,-3.907371594474572
318,13410,3.1180224780432955,-3.907371594474572
319,13410,3.1180224780432955,-3.907371594474572
320,13410,3.1180224780432955,-3.907371594474572
321,13410,3.1180224780432955,-3.907371594474572
322,13410,3.1180224780432955,-3.907371594474572
323,13410,3.1180224780432955,-3.907371594474572
324,13410,3.1180224780432955,-3.907371594474572
325,13410,3.1180224780432955,-3.907371594474572
326,13410,3.1180224780432955,-3.907371594474572
327,13410,3.1180224780432955,-3.907371594474572
328,13410,3.1180224780432955,-3.907371594474572
329,13410,3.1180224780432955,-3.907371594474572
330,13410,3.1180224780432955,-3.907371594474572
331,13410,3.1180224780432955,-3.907371594474572
332,13410,3.1180224780432955,-3.907371594474572
333,13410,3.1180224780432955,-3.907371594474572
334,13410,3.1180224780432955,-3.907371594474572
335,13410,3.1180224780432955,-3.907371594474572
336,13410,3.1180224780432955,-3.907371594474572
337,13410,3.1180224780432955,-3.907371594474572
338,13410,3.1180224780432955,-3.907371594474572
339,13410,3.1180224780432955,-3.907371594474572
340,13410,3.1180224780432955,-3.907371594474572
341,13410,3.1180224780432955,-3.907371594474572
342,13410,3.1180224780432955,-3.907371594474572
343,13410,3.1180224780432955,-3.907371594474572
344,13410,3.1180224780432955,-3.907371594474572
345,13410,3.1180224780432955,-3.907371594474572
346,13410,3.1180224780432955,-3.907371594474572
347,13410,3.1180224780432955,-3.907371594474572
348,13410,3.1180224780432955,-3.907371594474572
349,13410,3.1180224780432955,-3.907371594474572
350,13410,3.1180224780432955,-3.907371594474572
351,13410,3.1180224780432955,-3.907371594474572
352,13410,3.1180224780432955,-3.907371594474572
353,13410,3.1180224780432955,-3.907371594474572
354,13410,3.1180224780432955,-3.907371594474572
355,13410,3.1180224780432955,-3.907371594474572
356,13410,3.1180224780432955,-3.907371594474572
357,13410,3.1180224780432955,-3.907371594474572
358,13410,3.1180224780432955,-3.907371594474572
359,13410,3.1180224780432955,-3.907371594474572
360,13410,3.1180224780432955,-3.907371594474572
361,13410,3.1180224780432955,-3.907371594474572
362,13410,3.1180224780432955,-3.907371594474572
363,13410,3.1180224780432955,-3.907371594474572
364,13410,3.1180224780432955,-3.907371594474572
365,13410,3.1180224780432955,-3.907371594474572
366,13410,3.1180224780432955,-3.907371594474572
367,13410,3.1180224780432955,-3.907371594474572
368,13410,3.1180224780432955,-3.907371594474572
369,13410,3.1180224780432955,-3.907371594474572
370,13410,3.1180224780432955,-3.907371594474572
371,13410,3.1180224780432955,-3.907371594474572
372,13410,3.1180224780432955,-3.907371594474572
373,13410,3.1180224780432955,-3.907371594474572
374,13410,3.1180224780432955,-3.907371594474572
375,13410,3.1180224780432955,-3.907371594474572
376,13410,3.1180224780432955,-3.907371594474572
377,13410,3.1180224780432955,-3.907371594474572
378,13410,3.1180224780432955,-3.907371594474572
379,13410,3.1180224780432955,-3.907371594474572
380,13410,3.1180224780432955,-3.907371594474572
381,13410,3.1180224780432955,-3.907371594474572
382,13410,3.1180224780432955,-3.907371594474572
383,13410,3.1180224780432955,-3.907371594474572
384,13410,3.1180224780432955,-3.907371594474572
385,13410,3.1180224780432955,-3.907371594474572
386,13410,3.1180224780432955,-3.907371594474572
387,13410,3.1180224780432955,-3.907371594474572
388,13410,3.1180224780432955,-3.907371594474572
389,13410,3.1180224780432955,-3.907371594474572
390,13410,3.1180224780432955,-3.907371594474572
391,13410,3.1180224780432955,-3.907371594474572
392,13410,3.1180224780432955,-3.907371594474572
393,13410,3.1180224780432955,-3.907371594474572
394,13410,3.1180224780432955,-3.907371594474572
395,13410,3.1180224780432955,-3.907371594474572
396,13410,3.1180224780432955,-3.907371594474572
397,13410,3.1180224780432955,-3.907371594474572
398,13410,3.1180224780432955,-3.907371594474572
399,13410,3.1180224780432955,-3.907371594474572
400,13410,3.1180224780432955,-3.907371594474572
401,13410,3.1180224780432955,-3.907371594474572
402,13410,3.1180224780432955,-3.907371594474572
403,13410,3.1180224780432955,-3.907371594474572
404,13410,3.1180224780432955,-3.907371594474572
405,13410,3.1180224780432955,-3.907371594474572
406,13410,3.1180224780432955,-3.907371594474572
407,13410,3.1180224780432955,-3.907371594474572
408,13410,3.1180224780432955,-3.907371594474572
409,13410,3.1180224780432955,-3.907371594474572
410,13410,3.1180224780432955,-3.907371594474572
411,13410,3.1180224780432955,-3.907371594474572
412,13410,3.1180224780432955,-3.907371594474572
413,13410,3.1180224780432955,-3.907371594474572
414,13410,3.1180224780432955,-3.907371594474572
415,13410,3.1180224780432955,-3.907371594474572
416,13410,3.1180224780432955,-3.907371594474572
417,13410,3.1180224780432955,-3.907371594474572
418,13410,3.1180224780432955,-3.907371594474572
419,13410,3.1180224780432955,-3.907371594474572
420,13410,3.1180224780432955,-3.907371594474572
421,13410,3.1180224780432955,-3.907371594474572
422,13410,3.1180224780432955,-3.907371594474572
423,13410,3.1180224780432955,-3.907371594474572
424,13410,3.1180224780432955,-3.907371594474572
425,13410,3.1180224780432955,-3.907371594474572
426,13410,3.1180224780432955,-3.907371594474572
427,13410,3.1180224780432955,-3.907371594474572
428,13410,3.1180224780432955,-3.907371594474572
429,13410,3.1180224780432955,-3.907371594474572
430,13410,3.1180224780432955,-3.907371594474572
431,13410,3.1180224780432955,-3.907371594474572
432,13410,3.1180224780432955,-3.907371594474572
433,13410,3.1180224780432955,-3.907371594474572
434,13410,3.1180224780432955,-3.907371594474572
435,13410,3.1180224780432955,-3.907371594474572
436,13410,3.1180224780432955,-3.907371594474572
437,13410,3.1180224780432955,-3.907371594474572
438,13410,3.1180224780432955,-3.907371594474572
439,13410,3.1180224780432955,-3.907371594474572
440,13410,3.1180224780432955,-3.907371594474572
441,13410,3.1180224780432955,-3.907371594474572
442,13410,3.1180224780432955,-3.907371594474572
443,13410,3.1180224780432955,-3.907371594474572
444,13410,3.1180224780432955,-3.907371594474572
445,13410,3.1180224780432955,-3.907371594474572
446,13410,3.1180224780432955,-3.907371594474572
447,13410,3.1180224780432955,-3.907371594474572
448,13410,3.1180224780432955,-3.907371594474572
449,13410,3.1180224780432955,-3.907371594474572
450,13410,3.1180224780432955,-3.907371594474572
451,13410,3.1180224780432955,-3.907371594474572
452,13131,3.1124289697345104,-3.892384051089095
453,13131,3.1124289697345104,-3.892384051089095
454,13131,3.1124289697345104,-3.892384051089095
455,13131,3.1124289697345104,-3.892384051089095
456,13131,3.1124289697345104,-3.892384051089095
457,13131,3.1124289697345104,-3.892384051089095
458,13131,3.1124289697345104,-3.892384051089095
459,13131,3.1124289697345104,-3.892384051089095
460,13131,3.1124289697345104,-3.892384051089095
461,13131,3.1124289697345104,-3.892384051089095
462,13131,3.1124289697345104,-3.892384051089095
463,13131,3.1124289697345104,-3.892384051089095
464,13131,3.1124289697345104,-3.892384051089095
465,13131,3.1124289697345104,-3.892384051089095
466,13131,3.1124289697345104,-3.892384051089095
467,13131,3.1124289697345104,-3.892384051089095
468,13131,3.1124289697345104,-3.892384051089095
469,13131,3.1124289697345104,-3.892384051089095
470,13131,3.1124289697345104,-3.892384051089095
471,13131,3.1124289697345104,-3.892384051089095
472,13131,3.1124289697345104,-3.892384051089095
473,13131,3.1124289697345104,-3.892384051089095
474,13131,3.1124289697345104,-3.892384051089095
475,13131,3.1124289697345104,-3.892384051089095
476,13131,3.1124289697345104,-3.892384051089095
477,13131,3.1124289697345104,-3.892384051089095
478,13131,3.1124289697345104,-3.892384051089095
479,13131,3.1124289697345104,-3.892384051089095
480,13131,3.1124289697345104,-3.892384051089095
481,13131,3.1124289697345104,-3.892384051089095
482,13131,3.1124289697345104,-3.892384051089095
483,13131,3.1124289697345104,-3.892384051089095
484,13131,3.1124289697345104,-3.892384051089095
485,13131,3.1124289697345104,-3.892384051089095
486,13131,3.1124289697345104,-3.892384051089095
487,13131,3.1124289697345104,-3.892384051089095
488,13131,3.1124289697345104,-3.892384051089095
489,13131,3.1124289697345104,-3.892384051089095
490,13131,3.1124289697345104,-3.892384051089095
491,13131,3.1124289697345104,-3.892384051089095
492,13131,3.1124289697345104,-3.892384051089095
493,13131,3.1124289697345104,-3.892384051089095
494,13131,3.1124289697345104,-3.892384051089095
495,13131,3.1124289697345104,-3.892384051089095
496,13131,3.1124289697345104,-3.892384051089095
497,13131,3.1124289697345104,-3.892384051089095
498,13131,3.1124289697345104,-3.892384051089095
499,13131,3.1124289697345104,-3.892384051089095
500,13131,3.1124289697345104,-3.892384051089095
501,13131,3.1124289697345104,-3.892384051089095
502,13131,3.1124289697345104,-3.892384051089095
503,13131,3.1124289697345104,-3.892384051089095
504,13131,3.1124289697345104,-3.892384051089095
505,13131,3.1124289697345104,-3.892384051089095
506,13131,3.1124289697345104,-3.892384051089095
507,13131,3.1124289697345104,-3.892384051089095
508,13131,3.1124289697345104,-3.892384051089095
509,13131,3.1124289697345104,-3.892384051089095
510,13131,3.1124289697345104,-3.892384051089095
511,13131,3.1124289697345104,-3.892384051089095
512,13131,3.1124289697345104,-3.892384051089095
513,13131,3.1124289697345104,-3.892384051089095
514,13131,3.1124289697345104,-3.892384051089095
515,13131,3.1124289697345104,-3.892384051089095
516,13131,3.1124289697345104,-3.892384051089095
517,13131,3.1124289697345104,-3.892384051089095
518,13131,3.1124289697345104,-3.892384051089095
519,13131,3.1124289697345104,-3.892384051089095
520,13131,3.1124289697345104,-3.892384051089095
521,13131,3.1124289697345104,-3.892384051089095
522,13131,3.1124289697345104,-3.892384051089095
523,13131,3.1124289697345104,-3.892384051089095
524,13131,3.1124289697345104,-3.892384051089095
525,13131,3.1124289697345104,-3.892384051089095
526,13131,3.1124289697345104,-3.892384051089095
527,13131,3.1124289697345104,-3.892384051089095
528,13131,3.1124289697345104,-3.892384051089095
529,13131,3.1124289697345104,-3.892384051089095
530,13131,3.1124289697345104,-3.892384051089095
531,13131,3.1124289697345104,-3.892384051089095
532,13131,3.1124289697345104,-3.892384051089095
533,13131,3.1124289697345104,-3.892384051089095
534,13131,3.1124289697345104,-3.892384051089095
535,13131,3.1124289697345104,-3.892384051089095
536,13131,3.1124289697345104,-3.892384051089095
537,13131,3.1124289697345104,-3.892384051089095
538,13131,3.1124289697345104,-3.892384051089095
539,13131,3.1124289697345104,-3.892384051089095
540,13131,3.1124289697345104,-3.892384051089095
541,13131,3.1124289697345104,-3.892384051089095
542,13131,3.1124289697345104,-3.892384051089095
543,13131,3.1124289697345104,-3.892384051089095
544,13131,3.1124289697345104,-3.892384051089095
545,13131,3.1124289697345104,-3.892384051089095
546,13131,3.1124289697345104,-3.892384051089095
547,13131,3.1124289697345104,-3.892384051089095
548,13131,3.1124289697345104,-3.892384051089095
549,13131,3.1124289697345104,-3.892384051089095
550,13131,3.1124289697345104,-3.892384051089095
551,13131,3.1124289697345104,-3.892384051089095
552,13131,3.1124289697345104,-3.892384051089095
553,13131,3.1124289697345104,-3.892384051089095
554,13131,3.1124289697345104,-3.892384051089095
555,13131,3.1124289697345104,-3.892384051089095
556,13131,3.1124289697345104,-3.892384051089095
557,13131,3.1124289697345104,-3.892384051089095
558,13131,3.1124289697345104,-3.892384051089095
559,13131,3.1124289697345104,-3.892384051089095
560,13131,3.1124289697345104,-3.892384051089095
561,13131,3.1124289697345104,-3.892384051089095
562,13131,3.1124289697345104,-3.892384051089095
563,13131,3.1124289697345104,-3.892384051089095
564,13131,3.1124289697345104,-3.892384051089095
565,13131,3.1124289697345104,-3.892384051089095
566,13131,3.1124289697345104,-3.892384051089095
567,13131,3.1124289697345104,-3.892384051089095
568,13131,3.1124289697345104,-3.892384051089095
569,13131,3.1124289697345104,-3.892384051089095
570,13131,3.1124289697345104,-3.892384051089095
571,13131,3.1124289697345104,-3.892384051089095
572,13131,3.1124289697345104,-3.892384051089095
573,13131,3.1124289697345104,-3.892384051089095
574,13131,3.1124289697345104,-3.892384051089095
575,13131,3.1124289697345104,-3.892384051089095
576,13131,3.1124289697345104,-3.892384051089095
577,13131,3.1124289697345104,-3.892384051089095
578,13131,3.1124289697345104,-3.892384051089095
579,13131,3.1124289697345104,-3.892384051089095
580,13131,3.1124289697345104,-3.892384051089095
581,13131,3.1124289697345104,-3.892384051089095
582,13131,3.1124289697345104,-3.892384051089095
583,13131,3.1124289697345104,-3.892384051089095
584,13131,3.1124289697345104,-3.892384051089095
585,13131,3.1124289697345104,-3.892384051089095
586,13131,3.1124289697345104,-3.892384051089095
587,13131,3.1124289697345104,-3.892384051089095
588,13131,3.1124289697345104,-3.892384051089095
589,13131,3.1124289697345104,-3.892384051089095
590,13131,3.1124289697345104,-3.892384051089095
591,13131,3.1124289697345104,-3.892384051089095
592,13131,3.1124289697345104,-3.892384051089095
593,13131,3.1124289697345104,-3.892384051089095
594,13131,3.1124289697345104,-3.892384051089095
595,13131,3.1124289697345104,-3.892384051089095
596,13131,3.1124289697345104,-3.892384051089095
597,13131,3.1124289697345104,-3.892384051089095
598,13131,3.1124289697345104,-3.892384051089095
599,13131,3.1124289697345104,-3.892384051089095
600,13131,3.1124289697345104,-3.892384051089095
601,13131,3.1124289697345104,-3.892384051089095
602,13131,3.1124289697345104,-3.892384051089095
603,13131,3.1124289697345104,-3.892384051089095
604,13131,3.1124289697345104,-3.892384051089095
605,13131,3.1124289697345104,-3.892384051089095
606,13131,3.1124289697345104,-3.892384051089095
607,13131,3.1124289697345104,-3.892384051089095
608,13131,3.1124289697345104,-3.892384051089095
609,13131,3.1124289697345104,-3.892384051089095
610,13131,3.1124289697345104,-3.892384051089095
611,13131,3.1124289697345104,-3.892384051089095
612,13131,3.1124289697345104,-3.892384051089095
613,13131,3.1124289697345104,-3.892384051089095
614,13131,3.1124289697345104,-3.892384051089095
615,13131,3.1124289697345104,-3.892384051089095
616,13131,3.1124289697345104,-3.892384051089095
617,13131,3.1124289697345104,-3.892384051089095
618,13131,3.1124289697345104,-3.892384051089095
619,13131,3.1124289697345104,-3.892384051089095
620,13131,3.1124289697345104,-3.892384051089095
621,13131,3.1124289697345104,-3.892384051089095
622,13131,3.1124289697345104,-3.892384051089095
623,13131,3.1124289697345104,-3.892384051089095
624,13131,3.1124289697345104,-3.892384051089095
625,13131,3.1124289697345104,-3.892384051089095
626,13131,3.1124289697345104,-3.892384051089095
627,13131,3.1124289697345104,-3.892384051089095
628,13131,3.1124289697345104,-3.892384051089095
629,13131,3.1124289697345104,-3.892384051089095
630,13131,3.1124289697345104,-3.892384051089095
631,13131,3.1124289697345104,-3.892384051089095
632,13131,3.1124289697345104,-3.892384051089095
633,13131,3.1124289697345104,-3.892384051089095
634,13131,3.1124289697345104,-3.892384051089095
635,13131,3.1124289697345104,-3.892384051089095
636,13131,3.1124289697345104,-3.892384051089095
637,13131,3.1124289697345104,-3.892384051089095
638,13131,3.1124289697345104,-3.892384051089095
639,13131,3.1124289697345104,-3.892384051089095
640,13131,3.1124289697345104,-3.892384051089095
641,13131,3.1124289697345104,-3.892384051089095
642,13131,3.1124289697345104,-3.892384051089095
643,13131,3.1124289697345104,-3.892384051089095
644,13131,3.1124289697345104,-3.892384051089095
645,13131,3.1124289697345104,-3.892384051089095
646,13131,3.1124289697345104,-3.892384051089095
647,13131,3.1124289697345104,-3.892384051089095
648,13131,3.1124289697345104,-3.892384051089095
649,13131,3.1124289697345104,-3.892384051089095
650,13131,3.1124289697345104,-3.892384051089095
651,13131,3.1124289697345104,-3.892384051089095
652,13131,3.1124289697345104,-3.892384051089095
653,13131,3.1124289697345104,-3.892384051089095
654,13131,3.1124289697345104,-3.892384051089095
655,13131,3.1124289697345104,-3.892384051089095
656,13131,3.1124289697345104,-3.892384051089095
657,13131,3.1124289697345104,-3.892384051089095
658,13131,3.1124289697345104,-3.892384051089095
659,13131,3.1124289697345104,-3.892384051089095
660,13131,3.1124289697345104,-3.892384051089095
661,13131,3.1124289697345104,-3.892384051089095
662,13131,3.1124289697345104,-3.892384051089095
663,13131,3.1124289697345104,-3.892384051089095
664,13131,3.1124289697345104,-3.892384051089095
665,13131,3.1124289697345104,-3.892384051089095
666,13131,3.1124289697345104,-3.892384051089095
667,13131,3.1124289697345104,-3.892384051089095
668,13131,3.1124289697345104,-3.892384051089095
669,13131,3.1124289697345104,-3.892384051089095
670,13131,3.1124289697345104,-3.892384051089095
671,13131,3.1124289697345104,-3.892384051089095
672,13131,3.1124289697345104,-3.892384051089095
673,13131,3.1124289697345104,-3.892384051089095
674,13131,3.1124289697345104,-3.892384051089095
675,13131,3.1124289697345104,-3.892384051089095
676,13131,3.1124289697345104,-3.892384051089095
677,13131,3.1124289697345104,-3.892384051089095
678,13131,3.1124289697345104,-3.892384051089095
679,13131,3.1124289697345104,-3.892384051089095
680,13131,3.1124289697345104,-3.892384051089095
681,13131,3.1124289697345104,-3.892384051089095
682,13131,3.1124289697345104,-3.892384051089095
683,13131,3.1124289697345104,-3.892384051089095
684,13131,3.1124289697345104,-3.892384051089095
685,13131,3.1124289697345104,-3.892384051089095
686,13131,3.1124289697345104,-3.892384051089095
687,13131,3.1124289697345104,-3.892384051089095
688,13131,3.1124289697345104,-3.892384051089095
689,13131,3.1124289697345104,-3.892384051089095
690,13131,3.1124289697345104,-3.892384051089095
691,13131,3.1124289697345104,-3.892384051089095
692,13131,3.1124289697345104,-3.892384051089095
693,13131,3.1124289697345104,-3.892384051089095
694,13131,3.1124289697345104,-3.892384051089095
695,13131,3.1124289697345104,-3.892384051089095
696,13131,3.1124289697345104,-3.892384051089095
697,13131,3.1124289697345104,-3.892384051089095
698,13131,3.1124289697345104,-3.892384051089095
699,13131,3.1124289697345104,-3.892384051089095
700,13131,3.1124289697345104,-3.892384051089095
701,13131,3.1124289697345104,-3.892384051089095
702,13131,3.1124289697345104,-3.892384051089095
703,13131,3.1124289697345104,-3.892384051089095
704,13131,3.1124289697345104,-3.892384051089095
705,13131,3.1124289697345104,-3.892384051089095
706,13131,3.1124289697345104,-3.892384051089095
707,13131,3.1124289697345104,-3.892384051089095
708,13131,3.1124289697345104,-3.892384051089095
709,13131,3.1124289697345104,-3.892384051089095
710,13131,3.1124289697345104,-3.892384051089095
711,13131,3.1124289697345104,-3.892384051089095
712,13131,3.1124289697345104,-3.892384051089095
713,13131,3.1124289697345104,-3.892384051089095
714,13131,3.1124289697345104,-3.892384051089095
715,13131,3.1124289697345104,-3.892384051089095
716,13131,3.1124289697345104,-3.892384051089095
717,13131,3.1124289697345104,-3.892384051089095
718,13131,3.1124289697345104,-3.892384051089095
719,13131,3.1124289697345104,-3.892384051089095
720,13131,3.1124289697345104,-3.892384051089095
721,13131,3.1124289697345104,-3.892384051089095
722,13131,3.1124289697345104,-3.892384051089095
723,13131,3.1124289697345104,-3.892384051089095
724,13131,3.1124289697345104,-3.892384051089095
725,13131,3.1124289697345104,-3.892384051089095
726,13131,3.1124289697345104,-3.892384051089095
727,13131,3.1124289697345104,-3.892384051089095
728,13131,3.1124289697345104,-3.892384051089095
729,13131,3.1124289697345104,-3.892384051089095
730,13131,3.1124289697345104,-3.892384051089095
731,13131,3.1124289697345104,-3.892384051089095
732,13131,3.1124289697345104,-3.892384051089095
733,13131,3.1124289697345104,-3.892384051089095
734,13131,3.1124289697345104,-3.892384051089095
735,13131,3.1124289697345104,-3.892384051089095
736,13131,3.1124289697345104,-3.892384051089095
737,13131,3.1124289697345104,-3.892384051089095
738,13131,3.1124289697345104,-3.892384051089095
739,13131,3.1124289697345104,-3.892384051089095
740,13131,3.1124289697345104,-3.892384051089095
741,13131,3.1124289697345104,-3.892384051089095
742,13131,3.1124289697345104,-3.892384051089095
743,13131,3.1124289697345104,-3.892384051089095
744,13131,3.1124289697345104,-3.892384051089095
745,13131,3.1124289697345104,-3.892384051089095
746,13131,3.1124289697345104,-3.892384051089095
747,13131,3.1124289697345104,-3.892384051089095
748,13131,3.1124289697345104,-3.892384051089095
749,13131,3.1124289697345104,-3.892384051089095
750,13131,3.1124289697345104,-3.892384051089095
751,13131,3.1124289697345104,-3.892384051089095
752,13131,3.1124289697345104,-3.892384051089095
753,13131,3.1124289697345104,-3.892384051089095
754,13131,3.1124289697345104,-3.892384051089095
755,13131,3.1124289697345104,-3.892384051089095
756,13131,3.1124289697345104,-3.892384051089095
757,13131,3.1124289697345104,-3.892384051089095
758,13131,3.1124289697345104,-3.892384051089095
759,13131,3.1124289697345104,-3.892384051089095
760,13131,3.1124289697345104,-3.892384051089095
761,13131,3.1124289697345104,-3.892384051089095
762,13131,3.1124289697345104,-3.892384051089095
763,13131,3.1124289697345104,-3.892384051089095
764,13131,3.1124289697345104,-3.892384051089095
765,13131,3.1124289697345104,-3.892384051089095
766,13131,3.1124289697345104,-3.892384051089095
767,13131,3.1124289697345104,-3.892384051089095
768,13131,3.1124289697345104,-3.892384051089095
769,13131,3.1124289697345104,-3.892384051089095
770,13131,3.1124289697345104,-3.892384051089095
771,13131,3.1124289697345104,-3.892384051089095
772,13131,3.1124289697345104,-3.892384051089095
773,13131,3.1124289697345104,-3.892384051089095
774,13131,3.1124289697345104,-3.892384051089095
775,13131,3.1124289697345104,-3.892384051089095
776,13131,3.1124289697345104,-3.892384051089095
777,13131,3.1124289697345104,-3.892384051089095
778,13131,3.1124289697345104,-3.892384051089095
779,13131,3.1124289697345104,-3.892384051089095
780,13131,3.1124289697345104,-3.892384051089095
781,13131,3.1124289697345104,-3.892384051089095
782,13131,3.1124289697345104,-3.892384051089095
783,13131,3.1124289697345104,-3.892384051089095
784,13131,3.1124289697345104,-3.892384051089095
785,13131,3.1124289697345104,-3.892384051089095
786,13131,3.1124289697345104,-3.892384051089095
787,13131,3.1124289697345104,-3.892384051089095
788,13131,3.1124289697345104,-3.892384051089095
789,13131,3.1124289697345104,-3.892384051089095
790,13131,3.1124289697345104,-3.892384051089095
791,13131,3.1124289697345104,-3.892384051089095
792,13131,3.1124289697345104,-3.892384051089095
793,13131,3.1124289697345104,-3.892384051089095
794,13131,3.1124289697345104,-3.892384051089095
795,13131,3.1124289697345104,-3.892384051089095
796,13131,3.1124289697345104,-3.892384051089095
797,13131,3.1124289697345104,-3.892384051089095
798,13131,3.1124289697345104,-3.892384051089095
799,13131,3.1124289697345104,-3.892384051089095
800,13131,3.1124289697345104,-3.892384051089095
801,13131,3.1124289697345104,-3.892384051089095
802,13131,3.1124289697345104,-3.892384051089095
803,13131,3.1124289697345104,-3.892384051089095
804,13131,3.1124289697345104,-3.892384051089095
805,13131,3.1124289697345104,-3.892384051089095
806,13131,3.1124289697345104,-3.892384051089095
807,13131,3.1124289697345104,-3.892384051089095
808,13131,3.1124289697345104,-3.892384051089095
809,13131,3.1124289697345104,-3.892384051089095
810,13131,3.1124289697345104,-3.892384051089095
811,13131,3.1124289697345104,-3.892384051089095
812,13131,3.1124289697345104,-3.892384051089095
813,13131,3.1124289697345104,-3.892384051089095
814,13131,3.1124289697345104,-3.892384051089095
815,13131,3.1124289697345104,-3.892384051089095
816,13131,3.1124289697345104,-3.892384051089095
817,13131,3.1124289697345104,-3.892384051089095
818,13131,3.1124289697345104,-3.892384051089095
819,13131,3.1124289697345104,-3.892384051089095
820,13131,3.1124289697345104,-3.892384051089095
821,13131,3.1124289697345104,-3.892384051089095
822,13131,3.1124289697345104,-3.892384051089095
823,13131,3.1124289697345104,-3.892384051089095
824,13131,3.1124289697345104,-3.892384051089095
825,13131,3.1124289697345104,-3.892384051089095
826,13131,3.1124289697345104,-3.892384051089095
827,13131,3.1124289697345104,-3.892384051089095
828,13131,3.1124289697345104,-3.892384051089095
829,13131,3.1124289697345104,-3.892384051089095
830,13131,3.1124289697345104,-3.892384051089095
831,13131,3.1124289697345104,-3.892384051089095
832,13131,3.1124289697345104,-3.892384051089095
833,13131,3.1124289697345104,-3.892384051089095
834,13131,3.1124289697345104,-3.892384051089095
835,13131,3.1124289697345104,-3.892384051089095
836,13131,3.1124289697345104,-3.892384051089095
837,13131,3.1124289697345104,-3.892384051089095
838,13131,3.1124289697345104,-3.892384051089095
839,13131,3.1124289697345104,-3.892384051089095
840,13131,3.1124289697345104,-3.892384051089095
841,13131,3.1124289697345104,-3.892384051089095
842,13131,3.1124289697345104,-3.892384051089095
843,13131,3.1124289697345104,-3.892384051089095
844,13131,3.1124289697345104,-3.892384051089095
845,13131,3.1124289697345104,-3.892384051089095
846,13131,3.1124289697345104,-3.892384051089095
847,13131,3.1124289697345104,-3.892384051089095
848,13131,3.1124289697345104,-3.892384051089095
849,13131,3.1124289697345104,-3.892384051089095
850,13131,3.1124289697345104,-3.892384051089095
851,13131,3.1124289697345104,-3.892384051089095
852,13131,3.1124289697345104,-3.892384051089095
853,13131,3.1124289697345104,-3.892384051089095
854,13131,3.1124289697345104,-3.892384051089095
855,13131,3.1124289697345104,-3.892384051089095
856,13131,3.1124289697345104,-3.892384051089095
857,13131,3.1124289697345104,-3.892384051089095
858,13131,3.1124289697345104,-3.892384051089095
859,13131,3.1124289697345104,-3.892384051089095
860,13131,3.1124289697345104,-3.892384051089095
861,13131,3.1124289697345104,-3.892384051089095
862,13131,3.1124289697345104,-3.892384051089095
863,13131,3.1124289697345104,-3.892384051089095
864,13131,3.1124289697345104,-3.892384051089095
865,13131,3.1124289697345104,-3.892384051089095
866,13131,3.1124289697345104,-3.892384051089095
867,13131,3.1124289697345104,-3.892384051089095
868,13131,3.1124289697345104,-3.892384051089095
869,13131,3.1124289697345104,-3.892384051089095
870,13131,3.1124289697345104,-3.892384051089095
871,13131,3.1124289697345104,-3.892384051089095
872,13131,3.1124289697345104,-3.892384051089095
873,13131,3.1124289697345104,-3.892384051089095
874,13131,3.1124289697345104,-3.892384051089095
875,13131,3.1124289697345104,-3.892384051089095
876,13131,3.1124289697345104,-3.892384051089095
877,13131,3.1124289697345104,-3.892384051089095
878,13131,3.1124289697345104,-3.892384051089095
879,13131,3.1124289697345104,-3.892384051089095
880,13131,3.1124289697345104,-3.892384051089095
881,13131,3.1124289697345104,-3.892384051089095
882,13131,3.1124289697345104,-3.892384051089095
883,13131,3.1124289697345104,-3.892384051089095
884,13131,3.1124289697345104,-3.892384051089095
885,13131,3.1124289697345104,-3.892384051089095
886,13131,3.1124289697345104,-3.892384051089095
887,13131,3.1124289697345104,-3.892384051089095
888,13131,3.1124289697345104,-3.892384051089095
889,13131,3.1124289697345104,-3.892384051089095
890,13131,3.1124289697345104,-3.892384051089095
891,13131,3.1124289697345104,-3.892384051089095
892,13131,3.1124289697345104,-3.892384051089095
893,13131,3.1124289697345104,-3.892384051089095
894,13131,3.1124289697345104,-3.892384051089095
895,13131,3.1124289697345104,-3.892384051089095
896,13131,3.1124289697345104,-3.892384051089095
897,13131,3.1124289697345104,-3.892384051089095
898,13131,3.1124289697345104,-3.892384051089095
899,13131,3.1124289697345104,-3.892384051089095
900,13131,3.1124289697345104,-3.892384051089095
901,13131,3.1124289697345104,-3.892384051089095
902,13131,3.1124289697345104,-3.892384051089095
903,13131,3.1124289697345104,-3.892384051089095
904,13131,3.1124289697345104,-3.892384051089095
905,13131,3.1124289697345104,-3.892384051089095
906,13131,3.1124289697345104,-3.892384051089095
907,13131,3.1124289697345104,-3.892384051089095
908,13131,3.1124289697345104,-3.892384051089095
909,13131,3.1124289697345104,-3.892384051089095
910,13131,3.1124289697345104,-3.892384051089095
911,13131,3.1124289697345104,-3.892384051089095
912,13131,3.1124289697345104,-3.892384051089095
913,13131,3.1124289697345104,-3.892384051089095
914,13131,3.1124289697345104,-3.892384051089095
915,13131,3.1124289697345104,-3.892384051089095
916,13131,3.1124289697345104,-3.892384051089095
917,13131,3.1124289697345104,-3.892384051089095
918,13131,3.1124289697345104,-3.892384051089095
919,13131,3.1124289697345104,-3.892384051089095
920,13131,3.1124289697345104,-3.892384051089095
921,13131,3.1124289697345104,-3.892384051089095
922,13131,3.1124289697345104,-3.892384051089095
923,13131,3.1124289697345104,-3.892384051089095
924,13131,3.1124289697345104,-3.892384051089095
925,13131,3.1124289697345104,-3.892384051089095
926,13131,3.1124289697345104,-3.892384051089095
927,13131,3.1124289697345104,-3.892384051089095
928,13131,3.1124289697345104,-3.892384051089095
929,13131,3.1124289697345104,-3.892384051089095
930,13131,3.1124289697345104,-3.892384051089095
931,13131,3.1124289697345104,-3.892384051089095
932,13131,3.1124289697345104,-3.892384051089095
933,13131,3.1124289697345104,-3.892384051089095
934,13131,3.1124289697345104,-3.892384051089095
935,13131,3.1124289697345104,-3.892384051089095
936,13131,3.1124289697345104,-3.892384051089095
937,13131,3.1124289697345104,-3.892384051089095
938,13131,3.1124289697345104,-3.892384051089095
939,13131,3.1124289697345104,-3.892384051089095
940,13131,3.1124289697345104,-3.892384051089095
941,13131,3.1124289697345104,-3.892384051089095
942,13131,3.1124289697345104,-3.892384051089095
943,13131,3.1124289697345104,-3.892384051089095
944,13131,3.1124289697345104,-3.892384051089095
945,13131,3.1124289697345104,-3.892384051089095
946,13131,3.1124289697345104,-3.892384051089095
947,13131,3.1124289697345104,-3.892384051089095
948,13131,3.1124289697345104,-3.892384051089095
949,13131,3.1124289697345104,-3.892384051089095
950,13131,3.1124289697345104,-3.892384051089095
951,13131,3.1124289697345104,-3.892384051089095
952,13131,3.1124289697345104,-3.892384051089095
953,13131,3.1124289697345104,-3.892384051089095
954,13131,3.1124289697345104,-3.892384051089095
955,13131,3.1124289697345104,-3.892384051089095
956,13131,3.1124289697345104,-3.892384051089095
957,13131,3.1124289697345104,-3.892384051089095
958,13131,3.1124289697345104,-3.892384051089095
959,13131,3.1124289697345104,-3.892384051089095
960,13131,3.1124289697345104,-3.892384051089095
961,13131,3.1124289697345104,-3.892384051089095
962,13131,3.1124289697345104,-3.892384051089095
963,13131,3.1124289697345104,-3.892384051089095
964,13131,3.1124289697345104,-3.892384051089095
965,13131,3.1124289697345104,-3.892384051089095
966,13131,3.1124289697345104,-3.892384051089095
967,13131,3.1124289697345104,-3.892384051089095
968,13131,3.1124289697345104,-3.892384051089095
969,13131,3.1124289697345104,-3.892384051089095
970,13131,3.1124289697345104,-3.892384051089095
971,13131,3.1124289697345104,-3.892384051089095
972,13131,3.1124289697345104,-3.892384051089095
973,13131,3.1124289697345104,-3.892384051089095
974,13131,3.1124289697345104,-3.892384051089095
975,13131,3.1124289697345104,-3.892384051089095
976,13131,3.1124289697345104,-3.892384051089095
977,13131,3.1124289697345104,-3.892384051089095
978,13131,3.1124289697345104,-3.892384051089095
979,13131,3.1124289697345104,-3.892384051089095
980,13131,3.1124289697345104,-3.892384051089095
981,13131,3.1124289697345104,-3.892384051089095
982,13131,3.1124289697345104,-3.892384051089095
983,13131,3.1124289697345104,-3.892384051089095
984,13131,3.1124289697345104,-3.892384051089095
985,13131,3.1124289697345104,-3.892384051089095
986,13131,3.1124289697345104,-3.892384051089095
987,13131,3.1124289697345104,-3.892384051089095
988,13131,3.1124289697345104,-3.892384051089095
989,13131,3.1124289697345104,-3.892384051089095
990,13131,3.1124289697345104,-3.892384051089095
991,13131,3.1124289697345104,-3.892384051089095
992,13131,3.1124289697345104,-3.892384051089095
993,13131,3.1124289697345104,-3.892384051089095
994,13131,3.1124289697345104,-3.892384051089095
995,13131,3.1124289697345104,-3.892384051089095
996,13131,3.1124289697345104,-3.892384051089095
997,13131,3.1124289697345104,-3.892384051089095
998,13131,3.1124289697345104,-3.892384051089095
999,13131,3.1124289697345104,-3.892384051089095
1000,13131,3.1124289697345104,-3.892384051089095
1001,13131,3.1124289697345104,-3.892384051089095
1002,13131,3.1124289697345104,-3.892384051089095
1003,13131,3.1124289697345104,-3.892384051089095
1004,13131,3.1124289697345104,-3.892384051089095
1005,13131,3.1124289697345104,-3.892384051089095
1006,13131,3.1124289697345104,-3.892384051089095
1007,13131,3.1124289697345104,-3.892384051089095
1008,13131,3.1124289697345104,-3.892384051089095
1009,13131,3.1124289697345104,-3.892384051089095
1010,13131,3.1124289697345104,-3.892384051089095
1011,13131,3.1124289697345104,-3.892384051089095
1012,13131,3.1124289697345104,-3.892384051089095
1013,13131,3.1124289697345104,-3.892384051089095
1014,13131,3.1124289697345104,-3.892384051089095
1015,13131,3.1124289697345104,-3.892384051089095
1016,13131,3.1124289697345104,-3.892384051089095
1017,13131,3.1124289697345104,-3.892384051089095
1018,13131,3.1124289697345104,-3.892384051089095
1019,13131,3.1124289697345104,-3.892384051089095
1020,13131,3.1124289697345104,-3.892384051089095
1021,13131,3.1124289697345104,-3.892384051089095
1022,13131,3.1124289697345104,-3.892384051089095
1023,13131,3.1124289697345104,-3.892384051089095
1024,13131,3.1124289697345104,-3.892384051089095
1025,13131,3.1124289697345104,-3.892384051089095
1026,13131,3.1124289697345104,-3.892384051089095
1027,13131,3.1124289697345104,-3.892384051089095
1028,13131,3.1124289697345104,-3.892384051089095
1029,13131,3.1124289697345104,-3.892384051089095
1030,13131,3.1124289697345104,-3.892384051089095
1031,13131,3.1124289697345104,-3.892384051089095
1032,13131,3.1124289697345104,-3.892384051089095
1033,13131,3.1124289697345104,-3.892384051089095
1034,13131,3.1124289697345104,-3.892384051089095
1035,13131,3.1124289697345104,-3.892384051089095
1036,13131,3.1124289697345104,-3.892384051089095
1037,13131,3.1124289697345104,-3.892384051089095
1038,13131,3.1124289697345104,-3.892384051089095
1039,13131,3.1124289697345104,-3.892384051089095
1040,13131,3.1124289697345104,-3.892384051089095
1041,13131,3.1124289697345104,-3.892384051089095
1042,13131,3.1124289697345104,-3.892384051089095
1043,13131,3.1124289697345104,-3.892384051089095
1044,13131,3.1124289697345104,-3.892384051089095
1045,13131,3.1124289697345104,-3.892384051089095
1046,13131,3.1124289697345104,-3.892384051089095
1047,13131,3.1124289697345104,-3.892384051089095
1048,13131,3.1124289697345104,-3.892384051089095
1049,13131,3.1124289697345104,-3.892384051089095
1050,13131,3.1124289697345104,-3.892384051089095
1051,13131,3.1124289697345104,-3.892384051089095
1052,13131,3.1124289697345104,-3.892384051089095
1053,13131,3.1124289697345104,-3.892384051089095
1054,13131,3.1124289697345104,-3.892384051089095
1055,13131,3.1124289697345104,-3.892384051089095
1056,13131,3.1124289697345104,-3.892384051089095
1057,13131,3.1124289697345104,-3.892384051089095
1058,13131,3.1124289697345104,-3.892384051089095
1059,13131,3.1124289697345104,-3.892384051089095
1060,13131,3.1124289697345104,-3.892384051089095
1061,13131,3.1124289697345104,-3.892384051089095
1062,13131,3.1124289697345104,-3.892384051089095
1063,13131,3.1124289697345104,-3.892384051089095
1064,13131,3.1124289697345104,-3.892384051089095
1065,13131,3.1124289697345104,-3.892384051089095
1066,13131,3.1124289697345104,-3.892384051089095
1067,13131,3.1124289697345104,-3.892384051089095
1068,13131,3.1124289697345104,-3.892384051089095
1069,13131,3.1124289697345104,-3.892384051089095
1070,13131,3.1124289697345104,-3.892384051089095
1071,13131,3.1124289697345104,-3.892384051089095
1072,13131,3.1124289697345104,-3.892384051089095
1073,13131,3.1124289697345104,-3.892384051089095
1074,13131,3.1124289697345104,-3.892384051089095
1075,13131,3.1124289697345104,-3.892384051089095
1076,13131,3.1124289697345104,-3.892384051089095
1077,13131,3.1124289697345104,-3.892384051089095
1078,13131,3.1124289697345104,-3.892384051089095
1079,13131,3.1124289697345104,-3.892384051089095
1080,13131,3.1124289697345104,-3.892384051089095
1081,13131,3.1124289697345104,-3.892384051089095
1082,13131,3.1124289697345104,-3.892384051089095
1083,13131,3.1124289697345104,-3.892384051089095
1084,13131,3.1124289697345104,-3.892384051089095
1085,13131,3.1124289697345104,-3.892384051089095
1086,13131,3.1124289697345104,-3.892384051089095
1087,13131,3.1124289697345104,-3.892384051089095
1088,13131,3.1124289697345104,-3.892384051089095
1089,13131,3.1124289697345104,-3.892384051089095
1090,13131,3.1124289697345104,-3.892384051089095
1091,13131,3.1124289697345104,-3.892384051089095
1092,13131,3.1124289697345104,-3.892384051089095
1093,13131,3.1124289697345104,-3.892384051089095
1094,13131,3.1124289697345104,-3.892384051089095
1095,13131,3.1124289697345104,-3.892384051089095
1096,13131,3.1124289697345104,-3.892384051089095
1097,13131,3.1124289697345104,-3.892384051089095
1098,13131,3.1124289697345104,-3.892384051089095
1099,13131,3.1124289697345104,-3.892384051089095
1100,13131,3.1124289697345104,-3.892384051089095
1101,13131,3.1124289697345104,-3.892384051089095
1102,13131,3.1124289697345104,-3.892384051089095
1103,13131,3.1124289697345104,-3.892384051089095
1104,13131,3.1124289697345104,-3.892384051089095
1105,13131,3.1124289697345104,-3.892384051089095
1106,13131,3.1124289697345104,-3.892384051089095
1107,13131,3.1124289697345104,-3.892384051089095
1108,13131,3.1124289697345104,-3.892384051089095
1109,13131,3.1124289697345104,-3.892384051089095
1110,13131,3.1124289697345104,-3.892384051089095
1111,13131,3.1124289697345104,-3.892384051089095
1112,13131,3.1124289697345104,-3.892384051089095
1113,13131,3.1124289697345104,-3.892384051089095
1114,13131,3.1124289697345104,-3.892384051089095
1115,13131,3.1124289697345104,-3.892384051089095
1116,13131,3.1124289697345104,-3.892384051089095
1117,13131,3.1124289697345104,-3.892384051089095
1118,13131,3.1124289697345104,-3.892384051089095
1119,13131,3.1124289697345104,-3.892384051089095
1120,13131,3.1124289697345104,-3.892384051089095
1121,13131,3.1124289697345104,-3.892384051089095
1122,13131,3.1124289697345104,-3.892384051089095
1123,13131,3.1124289697345104,-3.892384051089095
1124,13131,3.1124289697345104,-3.892384051089095
1125,13131,3.1124289697345104,-3.892384051089095
1126,13131,3.1124289697345104,-3.892384051089095
1127,13131,3.1124289697345104,-3.892384051089095
1128,13131,3.1124289697345104,-3.892384051089095
1129,13131,3.1124289697345104,-3.892384051089095
1130,13131,3.1124289697345104,-3.892384051089095
1131,13131,3.1124289697345104,-3.892384051089095
1132,13131,3.1124289697345104,-3.892384051089095
1133,13131,3.1124289697345104,-3.892384051089095
1134,13131,3.1124289697345104,-3.892384051089095
1135,13131,3.1124289697345104,-3.892384051089095
1136,13131,3.1124289697345104,-3.892384051089095
1137,13131,3.1124289697345104,-3.892384051089095
1138,13131,3.1124289697345104,-3.892384051089095
1139,13131,3.1124289697345104,-3.892384051089095
1140,13131,3.1124289697345104,-3.892384051089095
1141,13131,3.1124289697345104,-3.892384051089095
1142,13131,3.1124289697345104,-3.892384051089095
1143,13131,3.1124289697345104,-3.892384051089095
1144,13131,3.1124289697345104,-3.892384051089095
1145,13131,3.1124289697345104,-3.892384051089095
1146,13131,3.1124289697345104,-3.892384051089095
1147,13131,3.1124289697345104,-3.892384051089095
1148,13131,3.1124289697345104,-3.892384051089095
1149,13131,3.1124289697345104,-3.892384051089095
1150,13131,3.1124289697345104,-3.892384051089095
1151,13131,3.1124289697345104,-3.892384051089095
1152,13131,3.1124289697345104,-3.892384051089095
1153,13131,3.1124289697345104,-3.892384051089095
1154,13131,3.1124289697345104,-3.892384051089095
1155,13131,3.1124289697345104,-3.892384051089095
1156,13131,3.1124289697345104,-3.892384051089095
1157,13131,3.1124289697345104,-3.892384051089095
1158,13131,3.1124289697345104,-3.892384051089095
1159,13131,3.1124289697345104,-3.892384051089095
1160,13131,3.1124289697345104,-3.892384051089095
1161,13131,3.1124289697345104,-3.892384051089095
1162,13131,3.1124289697345104,-3.892384051089095
1163,13131,3.1124289697345104,-3.892384051089095
1164,13131,3.1124289697345104,-3.892384051089095
1165,13131,3.1124289697345104,-3.892384051089095
1166,13131,3.1124289697345104,-3.892384051089095
1167,13131,3.1124289697345104,-3.892384051089095
1168,13131,3.1124289697345104,-3.892384051089095
1169,13131,3.1124289697345104,-3.892384051089095
1170,13131,3.1124289697345104,-3.892384051089095
1171,13131,3.1124289697345104,-3.892384051089095
1172,13131,3.1124289697345104,-3.892384051089095
1173,13131,3.1124289697345104,-3.892384051089095
1174,13131,3.1124289697345104,-3.892384051089095
1175,13131,3.1124289697345104,-3.892384051089095
1176,13131,3.1124289697345104,-3.892384051089095
1177,13131,3.1124289697345104,-3.892384051089095
1178,13131,3.1124289697345104,-3.892384051089095
1179,13131,3.1124289697345104,-3.892384051089095
1180,13131,3.1124289697345104,-3.892384051089095
1181,13131,3.1124289697345104,-3.892384051089095
1182,13131,3.1124289697345104,-3.892384051089095
1183,13131,3.1124289697345104,-3.892384051089095
1184,13131,3.1124289697345104,-3.892384051089095
1185,13131,3.1124289697345104,-3.892384051089095
1186,13131,3.1124289697345104,-3.892384051089095
1187,13131,3.1124289697345104,-3.892384051089095
1188,13131,3.1124289697345104,-3.892384051089095
1189,13131,3.1124289697345104,-3.892384051089095
1190,13131,3.1124289697345104,-3.892384051089095
1191,13131,3.1124289697345104,-3.892384051089095
1192,13131,3.1124289697345104,-3.892384051089095
1193,13131,3.1124289697345104,-3.892384051089095
1194,13131,3.1124289697345104,-3.892384051089095
1195,13131,3.1124289697345104,-3.892384051089095
1196,13131,3.1124289697345104,-3.892384051089095
1197,13131,3.1124289697345104,-3.892384051089095
1198,13131,3.1124289697345104,-3.892384051089095
1199,13131,3.1124289697345104,-3.892384051089095
1200,13131,3.1124289697345104,-3.892384051089095
1201,13131,3.1124289697345104,-3.892384051089095
1202,13131,3.1124289697345104,-3.892384051089095
1203,13131,3.1124289697345104,-3.892384051089095
1204,13131,3.1124289697345104,-3.892384051089095
1205,13131,3.1124289697345104,-3.892384051089095
1206,13131,3.1124289697345104,-3.892384051089095
1207,13131,3.1124289697345104,-3.892384051089095
1208,13131,3.1124289697345104,-3.892384051089095
1209,13131,3.1124289697345104,-3.892384051089095
1210,13131,3.1124289697345104,-3.892384051089095
1211,13131,3.1124289697345104,-3.892384051089095
1212,13131,3.1124289697345104,-3.892384051089095
1213,13131,3.1124289697345104,-3.892384051089095
1214,13131,3.1124289697345104,-3.892384051089095
1215,13131,3.1124289697345104,-3.892384051089095
1216,13131,3.1124289697345104,-3.892384051089095
1217,13131,3.1124289697345104,-3.892384051089095
1218,13131,3.1124289697345104,-3.892384051089095
1219,13131,3.1124289697345104,-3.892384051089095
1220,13131,3.1124289697345104,-3.892384051089095
1221,13131,3.1124289697345104,-3.892384051089095
1222,13131,3.1124289697345104,-3.892384051089095
1223,13131,3.1124289697345104,-3.892384051089095
1224,13131,3.1124289697345104,-3.892384051089095
1225,13131,3.1124289697345104,-3.892384051089095
1226,13131,3.1124289697345104,-3.892384051089095
1227,13131,3.1124289697345104,-3.892384051089095
1228,13131,3.1124289697345104,-3.892384051089095
1229,13131,3.1124289697345104,-3.892384051089095
1230,13131,3.1124289697345104,-3.892384051089095
1231,13131,3.1124289697345104,-3.892384051089095
1232,13131,3.1124289697345104,-3.892384051089095
1233,13131,3.1124289697345104,-3.892384051089095
1234,13131,3.1124289697345104,-3.892384051089095
1235,13131,3.1124289697345104,-3.892384051089095
1236,13131,3.1124289697345104,-3.892384051089095
1237,13131,3.1124289697345104,-3.892384051089095
1238,13131,3.1124289697345104,-3.892384051089095
1239,13131,3.1124289697345104,-3.892384051089095
1240,13131,3.1124289697345104,-3.892384051089095
1241,13131,3.1124289697345104,-3.892384051089095
1242,13131,3.1124289697345104,-3.892384051089095
1243,13131,3.1124289697345104,-3.892384051089095
1244,13131,3.1124289697345104,-3.892384051089095
1245,13131,3.1124289697345104,-3.892384051089095
1246,13131,3.1124289697345104,-3.892384051089095
1247,13131,3.1124289697345104,-3.892384051089095
1248,13131,3.1124289697345104,-3.892384051089095
1249,13131,3.1124289697345104,-3.892384051089095
1250,13131,3.1124289697345104,-3.892384051089095
1251,13131,3.1124289697345104,-3.892384051089095
1252,13131,3.1124289697345104,-3.892384051089095
1253,13131,3.1124289697345104,-3.892384051089095
1254,13131,3.1124289697345104,-3.892384051089095
1255,13131,3.1124289697345104,-3.892384051089095
1256,13131,3.1124289697345104,-3.892384051089095
1257,13131,3.1124289697345104,-3.892384051089095
1258,13131,3.1124289697345104,-3.892384051089095
1259,13131,3.1124289697345104,-3.892384051089095
1260,13131,3.1124289697345104,-3.892384051089095
1261,13131,3.1124289697345104,-3.892384051089095
1262,13131,3.1124289697345104,-3.892384051089095
1263,13131,3.1124289697345104,-3.892384051089095
1264,13131,3.1124289697345104,-3.892384051089095
1265,13131,3.1124289697345104,-3.892384051089095
1266,13131,3.1124289697345104,-3.892384051089095
1267,13131,3.1124289697345104,-3.892384051089095
1268,13131,3.1124289697345104,-3.892384051089095
1269,13131,3.1124289697345104,-3.892384051089095
1270,13131,3.1124289697345104,-3.892384051089095
1271,13131,3.1124289697345104,-3.892384051089095
1272,13131,3.1124289697345104,-3.892384051089095
1273,13131,3.1124289697345104,-3.892384051089095
1274,13131,3.1124289697345104,-3.892384051089095
1275,13131,3.1124289697345104,-3.892384051089095
1276,13131,3.1124289697345104,-3.892384051089095
1277,13131,3.1124289697345104,-3.892384051089095
1278,13131,3.1124289697345104,-3.892384051089095
1279,13131,3.1124289697345104,-3.892384051089095
1280,13131,3.1124289697345104,-3.892384051089095
1281,13131,3.1124289697345104,-3.892384051089095
1282,13131,3.1124289697345104,-3.892384051089095
1283,13131,3.1124289697345104,-3.892384051089095
1284,13131,3.1124289697345104,-3.892384051089095
1285,13131,3.1124289697345104,-3.892384051089095
1286,13131,3.1124289697345104,-3.892384051089095
1287,13131,3.1124289697345104,-3.892384051089095
1288,13131,3.1124289697345104,-3.892384051089095
1289,13131,3.1124289697345104,-3.892384051089095
1290,13131,3.1124289697345104,-3.892384051089095
1291,13131,3.1124289697345104,-3.892384051089095
1292,13131,3.1124289697345104,-3.892384051089095
1293,13131,3.1124289697345104,-3.892384051089095
1294,13131,3.1124289697345104,-3.892384051089095
1295,13131,3.1124289697345104,-3.892384051089095
1296,13131,3.1124289697345104,-3.892384051089095
1297,13131,3.1124289697345104,-3.892384051089095
1298,13131,3.1124289697345104,-3.892384051089095
1299,13131,3.1124289697345104,-3.892384051089095
1300,13131,3.1124289697345104,-3.892384051089095
1301,13131,3.1124289697345104,-3.892384051089095
1302,13131,3.1124289697345104,-3.892384051089095
1303,13131,3.1124289697345104,-3.892384051089095
1304,13131,3.1124289697345104,-3.892384051089095
1305,13131,3.1124289697345104,-3.892384051089095
1306,13131,3.1124289697345104,-3.892384051089095
1307,13131,3.1124289697345104,-3.892384051089095
1308,13131,3.1124289697345104,-3.892384051089095
1309,13131,3.1124289697345104,-3.892384051089095
1310,13131,3.1124289697345104,-3.892384051089095
1311,13131,3.1124289697345104,-3.892384051089095
1312,13131,3.1124289697345104,-3.892384051089095
1313,13131,3.1124289697345104,-3.892384051089095
1314,13131,3.1124289697345104,-3.892384051089095
1315,13131,3.1124289697345104,-3.892384051089095
1316,13131,3.1124289697345104,-3.892384051089095
1317,13131,3.1124289697345104,-3.892384051089095
1318,13131,3.1124289697345104,-3.892384051089095
1319,13131,3.1124289697345104,-3.892384051089095
1320,13131,3.1124289697345104,-3.892384051089095
1321,13131,3.1124289697345104,-3.892384051089095
1322,13131,3.1124289697345104,-3.892384051089095
1323,13131,3.1124289697345104,-3.892384051089095
1324,13131,3.1124289697345104,-3.892384051089095
1325,13131,3.1124289697345104,-3.892384051089095
1326,13131,3.1124289697345104,-3.892384051089095
1327,13131,3.1124289697345104,-3.892384051089095
1328,13131,3.1124289697345104,-3.892384051089095
1329,13131,3.1124289697345104,-3.892384051089095
1330,13131,3.1124289697345104,-3.892384051089095
1331,13131,3.1124289697345104,-3.892384051089095
1332,13131,3.1124289697345104,-3.892384051089095
1333,13131,3.1124289697345104,-3.892384051089095
1334,13131,3.1124289697345104,-3.892384051089095
1335,13131,3.1124289697345104,-3.892384051089095
1336,13131,3.1124289697345104,-3.892384051089095
1337,13131,3.1124289697345104,-3.892384051089095
1338,13131,3.1124289697345104,-3.892384051089095
1339,13131,3.1124289697345104,-3.892384051089095
1340,13131,3.1124289697345104,-3.892384051089095
1341,13131,3.1124289697345104,-3.892384051089095
1342,13131,3.1124289697345104,-3.892384051089095
1343,13131,3.1124289697345104,-3.892384051089095
1344,13131,3.1124289697345104,-3.892384051089095
1345,13131,3.1124289697345104,-3.892384051089095
1346,13131,3.1124289697345104,-3.892384051089095
1347,13131,3.1124289697345104,-3.892384051089095
1348,13131,3.1124289697345104,-3.892384051089095
1349,13131,3.1124289697345104,-3.892384051089095
1350,13131,3.1124289697345104,-3.892384051089095
1351,13131,3.1124289697345104,-3.892384051089095
1352,13131,3.1124289697345104,-3.892384051089095
1353,13131,3.1124289697345104,-3.892384051089095
1354,13131,3.1124289697345104,-3.892384051089095
1355,13131,3.1124289697345104,-3.892384051089095
1356,13131,3.1124289697345104,-3.892384051089095
1357,13131,3.1124289697345104,-3.892384051089095
1358,13131,3.1124289697345104,-3.892384051089095
1359,13131,3.1124289697345104,-3.892384051089095
1360,13131,3.1124289697345104,-3.892384051089095
1361,13131,3.1124289697345104,-3.892384051089095
1362,13131,3.1124289697345104,-3.892384051089095
1363,13131,3.1124289697345104,-3.892384051089095
1364,13131,3.1124289697345104,-3.892384051089095
1365,13131,3.1124289697345104,-3.892384051089095
1366,13131,3.1124289697345104,-3.892384051089095
1367,13131,3.1124289697345104,-3.892384051089095
1368,13131,3.1124289697345104,-3.892384051089095
1369,13131,3.1124289697345104,-3.892384051089095
1370,13131,3.1124289697345104,-3.892384051089095
1371,13131,3.1124289697345104,-3.892384051089095
1372,13131,3.1124289697345104,-3.892384051089095
1373,13131,3.1124289697345104,-3.892384051089095
1374,13131,3.1124289697345104,-3.892384051089095
1375,13131,3.1124289697345104,-3.892384051089095
1376,13131,3.1124289697345104,-3.892384051089095
1377,13131,3.1124289697345104,-3.892384051089095
1378,13131,3.1124289697345104,-3.892384051089095
1379,13131,3.1124289697345104,-3.892384051089095
1380,13131,3.1124289697345104,-3.892384051089095
1381,13131,3.1124289697345104,-3.892384051089095
1382,13131,3.1124289697345104,-3.892384051089095
1383,13131,3.1124289697345104,-3.892384051089095
1384,13131,3.1124289697345104,-3.892384051089095
1385,13131,3.1124289697345104,-3.892384051089095
1386,13131,3.1124289697345104,-3.892384051089095
1387,13131,3.1124289697345104,-3.892384051089095
1388,13131,3.1124289697345104,-3.892384051089095
1389,13131,3.1124289697345104,-3.892384051089095
1390,13033,3.1127584842165104,-3.8950271194521906
1391,13033,3.1127584842165104,-3.8950271194521906
1392,13033,3.1127584842165104,-3.8950271194521906
1393,13033,3.1127584842165104,-3.8950271194521906
1394,13033,3.1127584842165104,-3.8950271194521906
1395,13033,3.1127584842165104,-3.8950271194521906
1396,13033,3.1127584842165104,-3.8950271194521906
1397,13033,3.1127584842165104,-3.8950271194521906
1398,13033,3.1127584842165104,-3.8950271194521906
1399,13033,3.1127584842165104,-3.8950271194521906
1400,13033,3.1127584842165104,-3.8950271194521906
1401,13033,3.1127584842165104,-3.8950271194521906
1402,13033,3.1127584842165104,-3.8950271194521906
1403,13033,3.1127584842165104,-3.8950271194521906
1404,13033,3.1127584842165104,-3.8950271194521906
1405,13033,3.1127584842165104,-3.8950271194521906
1406,13033,3.1127584842165104,-3.8950271194521906
1407,13033,3.1127584842165104,-3.8950271194521906
1408,13033,3.1127584842165104,-3.8950271194521906
1409,13033,3.1127584842165104,-3.8950271194521906
1410,13033,3.1127584842165104,-3.8950271194521906
1411,13033,3.1127584842165104,-3.8950271194521906
1412,13033,3.1127584842165104,-3.8950271194521906
1413,13033,3.1127584842165104,-3.8950271194521906
1414,13033,3.1127584842165104,-3.8950271194521906
1415,13033,3.1127584842165104,-3.8950271194521906
1416,13033,3.1127584842165104,-3.8950271194521906
1417,13033,3.1127584842165104,-3.8950271194521906
1418,13033,3.1127584842165104,-3.8950271194521906
1419,13033,3.1127584842165104,-3.8950271194521906
1420,13033,3.1127584842165104,-3.8950271194521906
1421,13033,3.1127584842165104,-3.8950271194521906
1422,13033,3.1127584842165104,-3.8950271194521906
1423,13033,3.1127584842165104,-3.8950271194521906
1424,13033,3.1127584842165104,-3.8950271194521906
1425,13033,3.1127584842165104,-3.8950271194521906
1426,13033,3.1127584842165104,-3.8950271194521906
1427,13033,3.1127584842165104,-3.8950271194521906
1428,13033,3.1127584842165104,-3.8950271194521906
1429,13033,3.1127584842165104,-3.8950271194521906
1430,13033,3.1127584842165104,-3.8950271194521906
1431,13033,3.1127584842165104,-3.8950271194521906
1432,13033,3.1127584842165104,-3.8950271194521906
1433,13033,3.1127584842165104,-3.8950271194521906
1434,13033,3.1127584842165104,-3.8950271194521906
1435,13033,3.1127584842165104,-3.8950271194521906
1436,13033,3.1127584842165104,-3.8950271194521906
1437,13033,3.1127584842165104,-3.8950271194521906
1438,13033,3.1127584842165104,-3.8950271194521906
1439,13033,3.1127584842165104,-3.8950271194521906
1440,13033,3.1127584842165104,-3.8950271194521906
1441,13033,3.1127584842165104,-3.8950271194521906
1442,13033,3.1127584842165104,-3.8950271194521906
1443,13033,3.1127584842165104,-3.8950271194521906
1444,13033,3.1127584842165104,-3.8950271194521906
1445,13033,3.1127584842165104,-3.8950271194521906
1446,13033,3.1127584842165104,-3.8950271194521906
1447,13033,3.1127584842165104,-3.8950271194521906
1448,13033,3.1127584842165104,-3.8950271194521906
1449,13033,3.1127584842165104,-3.8950271194521906
1450,13033,3.1127584842165104,-3.8950271194521906
1451,13033,3.1127584842165104,-3.8950271194521906
1452,13033,3.1127584842165104,-3.8950271194521906
1453,13033,3.1127584842165104,-3.8950271194521906
1454,13033,3.1127584842165104,-3.8950271194521906
1455,13033,3.1127584842165104,-3.8950271194521906
1456,13033,3.1127584842165104,-3.8950271194521906
1457,13033,3.1127584842165104,-3.8950271194521906
1458,13033,3.1127584842165104,-3.8950271194521906
1459,13033,3.1127584842165104,-3.8950271194521906
1460,13033,3.1127584842165104,-3.8950271194521906
1461,13033,3.1127584842165104,-3.8950271194521906
1462,13033,3.1127584842165104,-3.8950271194521906
1463,13033,3.1127584842165104,-3.8950271194521906
1464,13033,3.1127584842165104,-3.8950271194521906
1465,13033,3.1127584842165104,-3.8950271194521906
1466,13033,3.1127584842165104,-3.8950271194521906
1467,13033,3.1127584842165104,-3.8950271194521906
1468,13033,3.1127584842165104,-3.8950271194521906
1469,13033,3.1127584842165104,-3.8950271194521906
1470,13033,3.1127584842165104,-3.8950271194521906
1471,13033,3.1127584842165104,-3.8950271194521906
1472,13033,3.1127584842165104,-3.8950271194521906
1473,13033,3.1127584842165104,-3.8950271194521906
1474,13033,3.1127584842165104,-3.8950271194521906
1475,13033,3.1127584842165104,-3.8950271194521906
1476,13033,3.1127584842165104,-3.8950271194521906
1477,13033,3.1127584842165104,-3.8950271194521906
1478,13033,3.1127584842165104,-3.8950271194521906
1479,13033,3.1127584842165104,-3.8950271194521906
1480,13033,3.1127584842165104,-3.8950271194521906
1481,13033,3.1127584842165104,-3.8950271194521906
1482,13033,3.1127584842165104,-3.8950271194521906
1483,13033,3.1127584842165104,-3.8950271194521906
1484,13033,3.1127584842165104,-3.8950271194521906
1485,13033,3.1127584842165104,-3.8950271194521906
1486,13033,3.1127584842165104,-3.8950271194521906
1487,13033,3.1127584842165104,-3.8950271194521906
1488,13033,3.1127584842165104,-3.8950271194521906
1489,13033,3.1127584842165104,-3.8950271194521906
1490,13033,3.1127584842165104,-3.8950271194521906
1491,13033,3.1127584842165104,-3.8950271194521906
1492,13033,3.1127584842165104,-3.8950271194521906
1493,13033,3.1127584842165104,-3.8950271194521906
1494,13033,3.1127584842165104,-3.8950271194521906
1495,13033,3.1127584842165104,-3.8950271194521906
1496,13033,3.1127584842165104,-3.8950271194521906
1497,13033,3.1127584842165104,-3.8950271194521906
1498,13033,3.1127584842165104,-3.8950271194521906
1499,13033,3.1127584842165104,-3.8950271194521906
1500,13033,3.1127584842165104,-3.8950271194521906
1501,13033,3.1127584842165104,-3.8950271194521906
1502,13033,3.1127584842165104,-3.8950271194521906
1503,13033,3.1127584842165104,-3.8950271194521906
1504,13033,3.1127584842165104,-3.8950271194521906
1505,13033,3.1127584842165104,-3.8950271194521906
1506,13033,3.1127584842165104,-3.8950271194521906
1507,13033,3.1127584842165104,-3.8950271194521906
1508,13033,3.1127584842165104,-3.8950271194521906
1509,13033,3.1127584842165104,-3.8950271194521906
1510,13033,3.1127584842165104,-3.8950271194521906
1511,13033,3.1127584842165104,-3.8950271194521906
1512,13033,3.1127584842165104,-3.8950271194521906
1513,13033,3.1127584842165104,-3.8950271194521906
1514,13033,3.1127584842165104,-3.8950271194521906
1515,13033,3.1127584842165104,-3.8950271194521906
1516,13033,3.1127584842165104,-3.8950271194521906
1517,13033,3.1127584842165104,-3.8950271194521906
1518,13033,3.1127584842165104,-3.8950271194521906
1519,13033,3.1127584842165104,-3.8950271194521906
1520,13033,3.1127584842165104,-3.8950271194521906
1521,13033,3.1127584842165104,-3.8950271194521906
1522,13033,3.1127584842165104,-3.8950271194521906
1523,13033,3.1127584842165104,-3.8950271194521906
1524,13033,3.1127584842165104,-3.8950271194521906
1525,13033,3.1127584842165104,-3.8950271194521906
1526,13033,3.1127584842165104,-3.8950271194521906
1527,13033,3.1127584842165104,-3.8950271194521906
1528,13033,3.1127584842165104,-3.8950271194521906
1529,13033,3.1127584842165104,-3.8950271194521906
1530,13033,3.1127584842165104,-3.8950271194521906
1531,13033,3.1127584842165104,-3.8950271194521906
1532,13033,3.1127584842165104,-3.8950271194521906
1533,13033,3.1127584842165104,-3.8950271194521906
1534,13033,3.1127584842165104,-3.8950271194521906
1535,13033,3.1127584842165104,-3.8950271194521906
1536,13033,3.1127584842165104,-3.8950271194521906
1537,13033,3.1127584842165104,-3.8950271194521906
1538,13033,3.1127584842165104,-3.8950271194521906
1539,13033,3.1127584842165104,-3.8950271194521906
1540,13033,3.1127584842165104,-3.8950271194521906
1541,13033,3.1127584842165104,-3.8950271194521906
1542,13033,3.1127584842165104,-3.8950271194521906
1543,13033,3.1127584842165104,-3.8950271194521906
1544,13033,3.1127584842165104,-3.8950271194521906
1545,13033,3.1127584842165104,-3.8950271194521906
1546,13033,3.1127584842165104,-3.8950271194521906
1547,13033,3.1127584842165104,-3.8950271194521906
1548,13033,3.1127584842165104,-3.8950271194521906
1549,13033,3.1127584842165104,-3.8950271194521906
1550,13033,3.1127584842165104,-3.8950271194521906
1551,13033,3.1127584842165104,-3.8950271194521906
1552,13033,3.1127584842165104,-3.8950271194521906
1553,13033,3.1127584842165104,-3.8950271194521906
1554,13033,3.1127584842165104,-3.8950271194521906
1555,13033,3.1127584842165104,-3.8950271194521906
1556,13033,3.1127584842165104,-3.8950271194521906
1557,13033,3.1127584842165104,-3.8950271194521906
1558,13033,3.1127584842165104,-3.8950271194521906
1559,13033,3.1127584842165104,-3.8950271194521906
1560,13033,3.1127584842165104,-3.8950271194521906
1561,13033,3.1127584842165104,-3.8950271194521906
1562,13033,3.1127584842165104,-3.8950271194521906
1563,13033,3.1127584842165104,-3.8950271194521906
1564,13033,3.1127584842165104,-3.8950271194521906
1565,13033,3.1127584842165104,-3.8950271194521906
1566,13033,3.1127584842165104,-3.8950271194521906
1567,13033,3.1127584842165104,-3.8950271194521906
1568,13033,3.1127584842165104,-3.8950271194521906
1569,13033,3.1127584842165104,-3.8950271194521906
1570,13033,3.1127584842165104,-3.8950271194521906
1571,13033,3.1127584842165104,-3.8950271194521906
1572,13033,3.1127584842165104,-3.8950271194521906
1573,13033,3.1127584842165104,-3.8950271194521906
1574,13033,3.1127584842165104,-3.8950271194521906
1575,13033,3.1127584842165104,-3.8950271194521906
1576,13033,3.1127584842165104,-3.8950271194521906
1577,13033,3.1127584842165104,-3.8950271194521906
1578,13033,3.1127584842165104,-3.8950271194521906
1579,13033,3.1127584842165104,-3.8950271194521906
1580,13033,3.1127584842165104,-3.8950271194521906
1581,13033,3.1127584842165104,-3.8950271194521906
1582,13033,3.1127584842165104,-3.8950271194521906
1583,13033,3.1127584842165104,-3.8950271194521906
1584,13033,3.1127584842165104,-3.8950271194521906
1585,13033,3.1127584842165104,-3.8950271194521906
1586,13033,3.1127584842165104,-3.8950271194521906
1587,13033,3.1127584842165104,-3.8950271194521906
1588,13033,3.1127584842165104,-3.8950271194521906
1589,13033,3.1127584842165104,-3.8950271194521906
1590,13033,3.1127584842165104,-3.8950271194521906
1591,13033,3.1127584842165104,-3.8950271194521906
1592,13033,3.1127584842165104,-3.8950271194521906
1593,13033,3.1127584842165104,-3.8950271194521906
1594,13033,3.1127584842165104,-3.8950271194521906
1595,13033,3.1127584842165104,-3.8950271194521906
1596,13033,3.1127584842165104,-3.8950271194521906
1597,13033,3.1127584842165104,-3.8950271194521906
1598,13033,3.1127584842165104,-3.8950271194521906
1599,13033,3.1127584842165104,-3.8950271194521906
1600,13033,3.1127584842165104,-3.8950271194521906
1601,13033,3.1127584842165104,-3.8950271194521906
1602,13033,3.1127584842165104,-3.8950271194521906
1603,13033,3.1127584842165104,-3.8950271194521906
1604,13033,3.1127584842165104,-3.8950271194521906
1605,13033,3.1127584842165104,-3.8950271194521906
1606,13033,3.1127584842165104,-3.8950271194521906
1607,13033,3.1127584842165104,-3.8950271194521906
1608,13033,3.1127584842165104,-3.8950271194521906
1609,13033,3.1127584842165104,-3.8950271194521906
1610,13033,3.1127584842165104,-3.8950271194521906
1611,13033,3.1127584842165104,-3.8950271194521906
1612,13033,3.1127584842165104,-3.8950271194521906
1613,13033,3.1127584842165104,-3.8950271194521906
1614,13033,3.1127584842165104,-3.8950271194521906
1615,13033,3.1127584842165104,-3.8950271194521906
1616,13033,3.1127584842165104,-3.8950271194521906
1617,13033,3.1127584842165104,-3.8950271194521906
1618,13033,3.1127584842165104,-3.8950271194521906
1619,13033,3.1127584842165104,-3.8950271194521906
1620,13033,3.1127584842165104,-3.8950271194521906
1621,13033,3.1127584842165104,-3.8950271194521906
1622,13033,3.1127584842165104,-3.8950271194521906
1623,13033,3.1127584842165104,-3.8950271194521906
1624,13033,3.1127584842165104,-3.8950271194521906
1625,13033,3.1127584842165104,-3.8950271194521906
1626,13033,3.1127584842165104,-3.8950271194521906
1627,13033,3.1127584842165104,-3.8950271194521906
1628,13033,3.1127584842165104,-3.8950271194521906
1629,13033,3.1127584842165104,-3.8950271194521906
1630,13033,3.1127584842165104,-3.8950271194521906
1631,13033,3.1127584842165104,-3.8950271194521906
1632,13033,3.1127584842165104,-3.8950271194521906
1633,13033,3.1127584842165104,-3.8950271194521906
1634,13033,3.1127584842165104,-3.8950271194521906
1635,13033,3.1127584842165104,-3.8950271194521906
1636,13033,3.1127584842165104,-3.8950271194521906
1637,13033,3.1127584842165104,-3.8950271194521906
1638,13033,3.1127584842165104,-3.8950271194521906
1639,13033,3.1127584842165104,-3.8950271194521906
1640,13033,3.1127584842165104,-3.8950271194521906
1641,13033,3.1127584842165104,-3.8950271194521906
1642,13033,3.1127584842165104,-3.8950271194521906
1643,13033,3.1127584842165104,-3.8950271194521906
1644,13033,3.1127584842165104,-3.8950271194521906
1645,13033,3.1127584842165104,-3.8950271194521906
1646,13033,3.1127584842165104,-3.8950271194521906
1647,13033,3.1127584842165104,-3.8950271194521906
1648,13033,3.1127584842165104,-3.8950271194521906
1649,13033,3.1127584842165104,-3.8950271194521906
1650,13033,3.1127584842165104,-3.8950271194521906
1651,13033,3.1127584842165104,-3.8950271194521906
1652,13033,3.1127584842165104,-3.8950271194521906
1653,13033,3.1127584842165104,-3.8950271194521906
1654,13033,3.1127584842165104,-3.8950271194521906
1655,13033,3.1127584842165104,-3.8950271194521906
1656,13033,3.1127584842165104,-3.8950271194521906
1657,13033,3.1127584842165104,-3.8950271194521906
1658,13033,3.1127584842165104,-3.8950271194521906
1659,13033,3.1127584842165104,-3.8950271194521906
1660,13033,3.1127584842165104,-3.8950271194521906
1661,13033,3.1127584842165104,-3.8950271194521906
1662,13033,3.1127584842165104,-3.8950271194521906
1663,13033,3.1127584842165104,-3.8950271194521906
1664,13033,3.1127584842165104,-3.8950271194521906
1665,13033,3.1127584842165104,-3.8950271194521906
1666,13033,3.1127584842165104,-3.8950271194521906
1667,13033,3.1127584842165104,-3.8950271194521906
1668,13033,3.1127584842165104,-3.8950271194521906
1669,13033,3.1127584842165104,-3.8950271194521906
1670,13033,3.1127584842165104,-3.8950271194521906
1671,13033,3.1127584842165104,-3.8950271194521906
1672,13033,3.1127584842165104,-3.8950271194521906
1673,13033,3.1127584842165104,-3.8950271194521906
1674,13033,3.1127584842165104,-3.8950271194521906
1675,13033,3.1127584842165104,-3.8950271194521906
1676,13033,3.1127584842165104,-3.8950271194521906
1677,13033,3.1127584842165104,-3.8950271194521906
1678,13033,3.1127584842165104,-3.8950271194521906
1679,13033,3.1127584842165104,-3.8950271194521906
1680,13033,3.1127584842165104,-3.8950271194521906
1681,13033,3.1127584842165104,-3.8950271194521906
1682,13033,3.1127584842165104,-3.8950271194521906
1683,13033,3.1127584842165104,-3.8950271194521906
1684,13033,3.1127584842165104,-3.8950271194521906
1685,13033,3.1127584842165104,-3.8950271194521906
1686,13033,3.1127584842165104,-3.8950271194521906
1687,13033,3.1127584842165104,-3.8950271194521906
1688,13033,3.1127584842165104,-3.8950271194521906
1689,13033,3.1127584842165104,-3.8950271194521906
1690,13033,3.1127584842165104,-3.8950271194521906
1691,13033,3.1127584842165104,-3.8950271194521906
1692,13033,3.1127584842165104,-3.8950271194521906
1693,13033,3.1127584842165104,-3.8950271194521906
1694,13033,3.1127584842165104,-3.8950271194521906
1695,13033,3.1127584842165104,-3.8950271194521906
1696,13033,3.1127584842165104,-3.8950271194521906
1697,13033,3.1127584842165104,-3.8950271194521906
1698,13033,3.1127584842165104,-3.8950271194521906
1699,13033,3.1127584842165104,-3.8950271194521906
1700,13033,3.1127584842165104,-3.8950271194521906
1701,13033,3.1127584842165104,-3.8950271194521906
1702,13033,3.1127584842165104,-3.8950271194521906
1703,13033,3.1127584842165104,-3.8950271194521906
1704,13033,3.1127584842165104,-3.8950271194521906
1705,13033,3.1127584842165104,-3.8950271194521906
1706,13033,3.1127584842165104,-3.8950271194521906
1707,13033,3.1127584842165104,-3.8950271194521906
1708,13033,3.1127584842165104,-3.8950271194521906
1709,13033,3.1127584842165104,-3.8950271194521906
1710,13033,3.1127584842165104,-3.8950271194521906
1711,13033,3.1127584842165104,-3.8950271194521906
1712,13033,3.1127584842165104,-3.8950271194521906
1713,13033,3.1127584842165104,-3.8950271194521906
1714,13033,3.1127584842165104,-3.8950271194521906
1715,13033,3.1127584842165104,-3.8950271194521906
1716,13033,3.1127584842165104,-3.8950271194521906
1717,13033,3.1127584842165104,-3.8950271194521906
1718,13033,3.1127584842165104,-3.8950271194521906
1719,13033,3.1127584842165104,-3.8950271194521906
1720,13033,3.1127584842165104,-3.8950271194521906
1721,13033,3.1127584842165104,-3.8950271194521906
1722,13033,3.1127584842165104,-3.8950271194521906
1723,13033,3.1127584842165104,-3.8950271194521906
1724,13033,3.1127584842165104,-3.8950271194521906
1725,13033,3.1127584842165104,-3.8950271194521906
1726,13033,3.1127584842165104,-3.8950271194521906
1727,13033,3.1127584842165104,-3.8950271194521906
1728,13033,3.1127584842165104,-3.8950271194521906
1729,13033,3.1127584842165104,-3.8950271194521906
1730,13033,3.1127584842165104,-3.8950271194521906
1731,13033,3.1127584842165104,-3.8950271194521906
1732,13033,3.1127584842165104,-3.8950271194521906
1733,13033,3.1127584842165104,-3.8950271194521906
1734,13033,3.1127584842165104,-3.8950271194521906
1735,13033,3.1127584842165104,-3.8950271194521906
1736,13033,3.1127584842165104,-3.8950271194521906
1737,13033,3.1127584842165104,-3.8950271194521906
1738,13033,3.1127584842165104,-3.8950271194521906
1739,13033,3.1127584842165104,-3.8950271194521906
1740,13033,3.1127584842165104,-3.8950271194521906
1741,13033,3.1127584842165104,-3.8950271194521906
1742,13033,3.1127584842165104,-3.8950271194521906
1743,13033,3.1127584842165104,-3.8950271194521906
1744,13033,3.1127584842165104,-3.8950271194521906
1745,13033,3.1127584842165104,-3.8950271194521906
1746,13033,3.1127584842165104,-3.8950271194521906
1747,13033,3.1127584842165104,-3.8950271194521906
1748,13033,3.1127584842165104,-3.8950271194521906
1749,13033,3.1127584842165104,-3.8950271194521906
1750,13033,3.1127584842165104,-3.8950271194521906
1751,13033,3.1127584842165104,-3.8950271194521906
1752,13033,3.1127584842165104,-3.8950271194521906
1753,13033,3.1127584842165104,-3.8950271194521906
1754,13033,3.1127584842165104,-3.8950271194521906
1755,13033,3.1127584842165104,-3.8950271194521906
1756,13033,3.1127584842165104,-3.8950271194521906
1757,13033,3.1127584842165104,-3.8950271194521906
1758,13033,3.1127584842165104,-3.8950271194521906
1759,13033,3.1127584842165104,-3.8950271194521906
1760,13033,3.1127584842165104,-3.8950271194521906
1761,13033,3.1127584842165104,-3.8950271194521906
1762,13033,3.1127584842165104,-3.8950271194521906
1763,13033,3.1127584842165104,-3.8950271194521906
1764,13033,3.1127584842165104,-3.8950271194521906
1765,13033,3.1127584842165104,-3.8950271194521906
1766,13033,3.1127584842165104,-3.8950271194521906
1767,13033,3.1127584842165104,-3.8950271194521906
1768,13033,3.1127584842165104,-3.8950271194521906
1769,13033,3.1127584842165104,-3.8950271194521906
1770,13033,3.1127584842165104,-3.8950271194521906
1771,13033,3.1127584842165104,-3.8950271194521906
1772,13033,3.1127584842165104,-3.8950271194521906
1773,13033,3.1127584842165104,-3.8950271194521906
1774,13033,3.1127584842165104,-3.8950271194521906
1775,13033,3.1127584842165104,-3.8950271194521906
1776,13033,3.1127584842165104,-3.8950271194521906
1777,13033,3.1127584842165104,-3.8950271194521906
1778,13033,3.1127584842165104,-3.8950271194521906
1779,13033,3.1127584842165104,-3.8950271194521906
1780,13033,3.1127584842165104,-3.8950271194521906
1781,13033,3.1127584842165104,-3.8950271194521906
1782,13033,3.1127584842165104,-3.8950271194521906
1783,13033,3.1127584842165104,-3.8950271194521906
1784,13033,3.1127584842165104,-3.8950271194521906
1785,13033,3.1127584842165104,-3.8950271194521906
1786,13033,3.1127584842165104,-3.8950271194521906
1787,13033,3.1127584842165104,-3.8950271194521906
1788,13033,3.1127584842165104,-3.8950271194521906
1789,13033,3.1127584842165104,-3.8950271194521906
1790,13033,3.1127584842165104,-3.8950271194521906
1791,13033,3.1127584842165104,-3.8950271194521906
1792,13033,3.1127584842165104,-3.8950271194521906
1793,13033,3.1127584842165104,-3.8950271194521906
1794,13033,3.1127584842165104,-3.8950271194521906
1795,13033,3.1127584842165104,-3.8950271194521906
1796,13033,3.1127584842165104,-3.8950271194521906
1797,13033,3.1127584842165104,-3.8950271194521906
1798,13033,3.1127584842165104,-3.8950271194521906
1799,13033,3.1127584842165104,-3.8950271194521906
1800,13033,3.1127584842165104,-3.8950271194521906
1801,13033,3.1127584842165104,-3.8950271194521906
1802,13033,3.1127584842165104,-3.8950271194521906
1803,13033,3.1127584842165104,-3.8950271194521906
1804,13033,3.1127584842165104,-3.8950271194521906
1805,13033,3.1127584842165104,-3.8950271194521906
1806,13033,3.1127584842165104,-3.8950271194521906
1807,13033,3.1127584842165104,-3.8950271194521906
1808,13033,3.1127584842165104,-3.8950271194521906
1809,13033,3.1127584842165104,-3.8950271194521906
1810,13033,3.1127584842165104,-3.8950271194521906
1811,13033,3.1127584842165104,-3.8950271194521906
1812,13033,3.1127584842165104,-3.8950271194521906
1813,13033,3.1127584842165104,-3.8950271194521906
1814,13033,3.1127584842165104,-3.8950271194521906
1815,13033,3.1127584842165104,-3.8950271194521906
1816,13033,3.1127584842165104,-3.8950271194521906
1817,13033,3.1127584842165104,-3.8950271194521906
1818,13033,3.1127584842165104,-3.8950271194521906
1819,13033,3.1127584842165104,-3.8950271194521906
1820,13033,3.1127584842165104,-3.8950271194521906
1821,13033,3.1127584842165104,-3.8950271194521906
1822,13033,3.1127584842165104,-3.8950271194521906
1823,13033,3.1127584842165104,-3.8950271194521906
1824,13033,3.1127584842165104,-3.8950271194521906
1825,13033,3.1127584842165104,-3.8950271194521906
1826,13033,3.1127584842165104,-3.8950271194521906
1827,13033,3.1127584842165104,-3.8950271194521906
1828,13033,3.1127584842165104,-3.8950271194521906
1829,13033,3.1127584842165104,-3.8950271194521906
1830,13033,3.1127584842165104,-3.8950271194521906
1831,13033,3.1127584842165104,-3.8950271194521906
1832,13033,3.1127584842165104,-3.8950271194521906
1833,13033,3.1127584842165104,-3.8950271194521906
1834,13033,3.1127584842165104,-3.8950271194521906
1835,13033,3.1127584842165104,-3.8950271194521906
1836,13033,3.1127584842165104,-3.8950271194521906
1837,13033,3.1127584842165104,-3.8950271194521906
1838,13033,3.1127584842165104,-3.8950271194521906
1839,13033,3.1127584842165104,-3.8950271194521906
1840,13033,3.1127584842165104,-3.8950271194521906
1841,13033,3.1127584842165104,-3.8950271194521906
1842,13033,3.1127584842165104,-3.8950271194521906
1843,13033,3.1127584842165104,-3.8950271194521906
1844,13033,3.1127584842165104,-3.8950271194521906
1845,13033,3.1127584842165104,-3.8950271194521906
1846,13033,3.1127584842165104,-3.8950271194521906
1847,13033,3.1127584842165104,-3.8950271194521906
1848,13033,3.1127584842165104,-3.8950271194521906
1849,13033,3.1127584842165104,-3.8950271194521906
1850,13033,3.1127584842165104,-3.8950271194521906
1851,13033,3.1127584842165104,-3.8950271194521906
1852,13033,3.1127584842165104,-3.8950271194521906
1853,13033,3.1127584842165104,-3.8950271194521906
1854,13033,3.1127584842165104,-3.8950271194521906
1855,13033,3.1127584842165104,-3.8950271194521906
1856,13033,3.1127584842165104,-3.8950271194521906
1857,13033,3.1127584842165104,-3.8950271194521906
1858,13033,3.1127584842165104,-3.8950271194521906
1859,13033,3.1127584842165104,-3.8950271194521906
1860,13033,3.1127584842165104,-3.8950271194521906
1861,13033,3.1127584842165104,-3.8950271194521906
1862,13033,3.1127584842165104,-3.8950271194521906
1863,13033,3.1127584842165104,-3.8950271194521906
1864,13033,3.1127584842165104,-3.8950271194521906
1865,13033,3.1127584842165104,-3.8950271194521906
1866,13033,3.1127584842165104,-3.8950271194521906
1867,13033,3.1127584842165104,-3.8950271194521906
1868,13033,3.1127584842165104,-3.8950271194521906
1869,13033,3.1127584842165104,-3.8950271194521906
1870,13033,3.1127584842165104,-3.8950271194521906
1871,13033,3.1127584842165104,-3.8950271194521906
1872,13033,3.1127584842165104,-3.8950271194521906
1873,13033,3.1127584842165104,-3.8950271194521906
1874,13033,3.1127584842165104,-3.8950271194521906
1875,13033,3.1127584842165104,-3.8950271194521906
1876,13033,3.1127584842165104,-3.8950271194521906
1877,13033,3.1127584842165104,-3.8950271194521906
1878,13033,3.1127584842165104,-3.8950271194521906
1879,13033,3.1127584842165104,-3.8950271194521906
1880,13033,3.1127584842165104,-3.8950271194521906
1881,13033,3.1127584842165104,-3.8950271194521906
1882,13033,3.1127584842165104,-3.8950271194521906
1883,13033,3.1127584842165104,-3.8950271194521906
1884,13033,3.1127584842165104,-3.8950271194521906
1885,13033,3.1127584842165104,-3.8950271194521906
1886,13033,3.1127584842165104,-3.8950271194521906
1887,13033,3.1127584842165104,-3.8950271194521906
1888,13033,3.1127584842165104,-3.8950271194521906
1889,13033,3.1127584842165104,-3.8950271194521906
1890,13033,3.1127584842165104,-3.8950271194521906
1891,13033,3.1127584842165104,-3.8950271194521906
1892,13033,3.1127584842165104,-3.8950271194521906
1893,13033,3.1127584842165104,-3.8950271194521906
1894,13033,3.1127584842165104,-3.8950271194521906
1895,13033,3.1127584842165104,-3.8950271194521906
1896,13033,3.1127584842165104,-3.8950271194521906
1897,13033,3.1127584842165104,-3.8950271194521906
1898,13033,3.1127584842165104,-3.8950271194521906
1899,13033,3.1127584842165104,-3.8950271194521906
1900,13033,3.1127584842165104,-3.8950271194521906
1901,13033,3.1127584842165104,-3.8950271194521906
1902,13033,3.1127584842165104,-3.8950271194521906
1903,13033,3.1127584842165104,-3.8950271194521906
1904,13033,3.1127584842165104,-3.8950271194521906
1905,13033,3.1127584842165104,-3.8950271194521906
1906,13033,3.1127584842165104,-3.8950271194521906
1907,13033,3.1127584842165104,-3.8950271194521906
1908,13033,3.1127584842165104,-3.8950271194521906
1909,13033,3.1127584842165104,-3.8950271194521906
1910,13033,3.1127584842165104,-3.8950271194521906
1911,13033,3.1127584842165104,-3.8950271194521906
1912,13033,3.1127584842165104,-3.8950271194521906
1913,13033,3.1127584842165104,-3.8950271194521906
1914,13033,3.1127584842165104,-3.8950271194521906
1915,13033,3.1127584842165104,-3.8950271194521906
1916,13033,3.1127584842165104,-3.8950271194521906
1917,13033,3.1127584842165104,-3.8950271194521906
1918,13033,3.1127584842165104,-3.8950271194521906
1919,13033,3.1127584842165104,-3.8950271194521906
1920,13033,3.1127584842165104,-3.8950271194521906
1921,13033,3.1127584842165104,-3.8950271194521906
1922,13033,3.1127584842165104,-3.8950271194521906
1923,13033,3.1127584842165104,-3.8950271194521906
1924,13033,3.1127584842165104,-3.8950271194521906
1925,13033,3.1127584842165104,-3.8950271194521906
1926,13033,3.1127584842165104,-3.8950271194521906
1927,13033,3.1127584842165104,-3.8950271194521906
1928,13033,3.1127584842165104,-3.8950271194521906
1929,13033,3.1127584842165104,-3.8950271194521906
1930,13033,3.1127584842165104,-3.8950271194521906
1931,13033,3.1127584842165104,-3.8950271194521906
1932,13033,3.1127584842165104,-3.8950271194521906
1933,13033,3.1127584842165104,-3.8950271194521906
1934,13033,3.1127584842165104,-3.8950271194521906
1935,13033,3.1127584842165104,-3.8950271194521906
1936,13033,3.1127584842165104,-3.8950271194521906
1937,13033,3.1127584842165104,-3.8950271194521906
1938,13033,3.1127584842165104,-3.8950271194521906
1939,13033,3.1127584842165104,-3.8950271194521906
1940,13033,3.1127584842165104,-3.8950271194521906
1941,13033,3.1127584842165104,-3.8950271194521906
1942,13033,3.1127584842165104,-3.8950271194521906
1943,13033,3.1127584842165104,-3.8950271194521906
1944,13033,3.1127584842165104,-3.8950271194521906
1945,13033,3.1127584842165104,-3.8950271194521906
1946,13033,3.1127584842165104,-3.8950271194521906
1947,13033,3.1127584842165104,-3.8950271194521906
1948,13033,3.1127584842165104,-3.8950271194521906
1949,13033,3.1127584842165104,-3.8950271194521906
1950,13033,3.1127584842165104,-3.8950271194521906
1951,13033,3.1127584842165104,-3.8950271194521906
1952,13033,3.1127584842165104,-3.8950271194521906
1953,13033,3.1127584842165104,-3.8950271194521906
1954,13033,3.1127584842165104,-3.8950271194521906
1955,13033,3.1127584842165104,-3.8950271194521906
1956,13033,3.1127584842165104,-3.8950271194521906
1957,13033,3.1127584842165104,-3.8950271194521906
1958,13033,3.1127584842165104,-3.8950271194521906
1959,13033,3.1127584842165104,-3.8950271194521906
1960,13033,3.1127584842165104,-3.8950271194521906
1961,13033,3.1127584842165104,-3.8950271194521906
1962,13033,3.1127584842165104,-3.8950271194521906
1963,13033,3.1127584842165104,-3.8950271194521906
1964,13033,3.1127584842165104,-3.8950271194521906
1965,13033,3.1127584842165104,-3.8950271194521906
1966,13033,3.1127584842165104,-3.8950271194521906
1967,13033,3.1127584842165104,-3.8950271194521906
1968,13033,3.1127584842165104,-3.8950271194521906
1969,13033,3.1127584842165104,-3.8950271194521906
1970,13033,3.1127584842165104,-3.8950271194521906
1971,13033,3.1127584842165104,-3.8950271194521906
1972,13033,3.1127584842165104,-3.8950271194521906
1973,13033,3.1127584842165104,-3.8950271194521906
1974,13033,3.1127584842165104,-3.8950271194521906
1975,13033,3.1127584842165104,-3.8950271194521906
1976,13033,3.1127584842165104,-3.8950271194521906
1977,13033,3.1127584842165104,-3.8950271194521906
1978,13033,3.1127584842165104,-3.8950271194521906
1979,13033,3.1127584842165104,-3.8950271194521906
1980,13033,3.1127584842165104,-3.8950271194521906
1981,13033,3.1127584842165104,-3.8950271194521906
1982,13033,3.1127584842165104,-3.8950271194521906
1983,13033,3.1127584842165104,-3.8950271194521906
1984,13033,3.1127584842165104,-3.8950271194521906
1985,13033,3.1127584842165104,-3.8950271194521906
1986,13033,3.1127584842165104,-3.8950271194521906
1987,13033,3.1127584842165104,-3.8950271194521906
1988,13033,3.1127584842165104,-3.8950271194521906
1989,13033,3.1127584842165104,-3.8950271194521906
1990,13033,3.1127584842165104,-3.8950271194521906
1991,13033,3.1127584842165104,-3.8950271194521906
1992,13033,3.1127584842165104,-3.8950271194521906
1993,13033,3.1127584842165104,-3.8950271194521906
1994,13033,3.1127584842165104,-3.8950271194521906
1995,13033,3.1127584842165104,-3.8950271194521906
1996,13033,3.1127584842165104,-3.8950271194521906
1997,13033,3.1127584842165104,-3.8950271194521906
1998,13033,3.1127584842165104,-3.8950271194521906
1999,13033,3.1127584842165104,-3.8950271194521906
